utilisateur,question,intention
Ibrahim Maaroufi,"Ma carte est bloquée, que dois-je faire ?",Mot de passe oublié
Salma Moutawakil,Comment puis-je obtenir un relevé de compte ?,Opposition carte
Karim Hariri,"Bonjour, je veux connaître le solde de mon compte.",Rendez-vous en agence
Rachid Maaroufi,"Ma carte est bloquée, que dois-je faire ?",Opposition carte
Othmane Tahiri,"J'ai perdu mon téléphone, est-ce que je peux désactiver l'application mobile ?",Demande de relevé
Abdelaziz Bennis,"Ma carte est bloquée, que dois-je faire ?",Rendez-vous en agence
Hiba Bennani,"Bonjour, je veux connaître le solde de mon compte.",Mot de passe oublié
Mehdi Jebari,"Bonjour, je veux connaître le solde de mon compte.",Vérification de solde
Ikram Bennis,"Bonjour, je veux connaître le solde de mon compte.",Opposition carte
Karim Elidrissi,"Ma carte est bloquée, que dois-je faire ?",Rendez-vous en agence
Mouna Ouzzani,Comment puis-je obtenir un relevé de compte ?,Vérification de solde
Zakaria Bennis,"Ma carte est bloquée, que dois-je faire ?",Mot de passe oublié
Yassine Touil,Comment puis-je obtenir un relevé de compte ?,Demande de relevé
Ilham Baroudi,Comment puis-je obtenir un relevé de compte ?,Opposition carte
Mouna Ouzzani,"Ma carte est bloquée, que dois-je faire ?",Rendez-vous en agence
Rayan Baroudi,"Bonjour, je veux connaître le solde de mon compte.",Rendez-vous en agence
Soukaina Naciri,Comment puis-je obtenir un relevé de compte ?,Opposition carte
Samira Touil,Comment puis-je obtenir un relevé de compte ?,Opposition carte
Abdelaziz Fadili,Comment puis-je obtenir un relevé de compte ?,Demande de relevé
Karim Elmansouri,"Ma carte est bloquée, que dois-je faire ?",Opposition carte
Hiba Fadili,Comment puis-je obtenir un relevé de compte ?,Demande de relevé
Hassan Amrani,"Bonjour, je veux connaître le solde de mon compte.",Rendez-vous en agence
Anass Naciri,"Ma carte est bloquée, que dois-je faire ?",Rendez-vous en agence
Mohamed Elidrissi,"Bonjour, je veux connaître le solde de mon compte.",Mot de passe oublié
Soukaina Zerouali,"Bonjour, je veux connaître le solde de mon compte.",Vérification de solde
Saad Chakiri,Comment puis-je obtenir un relevé de compte ?,Vérification de solde
Mohamed Bennani,Comment puis-je obtenir un relevé de compte ?,Rendez-vous en agence
Rayan Chakiri,"Bonjour, je veux connaître le solde de mon compte.",Opposition carte
Zakaria Lahlou,"J'ai perdu mon téléphone, est-ce que je peux désactiver l'application mobile ?",Vérification de solde
Reda Alaoui,"J'ai perdu mon téléphone, est-ce que je peux désactiver l'application mobile ?",Rendez-vous en agence
Anass Elmansouri,"J'ai perdu mon téléphone, est-ce que je peux désactiver l'application mobile ?",Demande de relevé
Nour Bensaid,"Bonjour, je veux connaître le solde de mon compte.",Rendez-vous en agence
Omar Chraibi,Comment puis-je obtenir un relevé de compte ?,Vérification de solde
Omar Boukhriss,"J'ai perdu mon téléphone, est-ce que je peux désactiver l'application mobile ?",Vérification de solde
Laila Zahiri,"J'ai perdu mon téléphone, est-ce que je peux désactiver l'application mobile ?",Rendez-vous en agence
Ilham Elkhatib,Comment puis-je obtenir un relevé de compte ?,Demande de relevé
Salma Elalami,"J'ai perdu mon téléphone, est-ce que je peux désactiver l'application mobile ?",Rendez-vous en agence
Anass Lahlou,Comment puis-je obtenir un relevé de compte ?,Rendez-vous en agence
Khadija Zahiri,Comment puis-je obtenir un relevé de compte ?,Mot de passe oublié
Malak Chouaib,"Ma carte est bloquée, que dois-je faire ?",Mot de passe oublié
Karim Boukhriss,"Bonjour, je veux connaître le solde de mon compte.",Demande de relevé
Tarik Touil,"Bonjour, je veux connaître le solde de mon compte.",Opposition carte
Rim Bensaid,Comment puis-je obtenir un relevé de compte ?,Rendez-vous en agence
Hiba Chraibi,"Bonjour, je veux connaître le solde de mon compte.",Demande de relevé
Soukaina Zerouali,"J'ai perdu mon téléphone, est-ce que je peux désactiver l'application mobile ?",Rendez-vous en agence
Imane Chakiri,"Bonjour, je veux connaître le solde de mon compte.",Opposition carte
Ibrahim Chakiri,"J'ai perdu mon téléphone, est-ce que je peux désactiver l'application mobile ?",Rendez-vous en agence
Rachid Baroudi,"Bonjour, je veux connaître le solde de mon compte.",Mot de passe oublié
Hassan Bensaid,"Ma carte est bloquée, que dois-je faire ?",Demande de relevé
Nadia Maaroufi,Comment puis-je obtenir un relevé de compte ?,Rendez-vous en agence
Samira Touil,Comment puis-je obtenir un relevé de compte ?,Mot de passe oublié
Anass Moutawakil,Comment puis-je obtenir un relevé de compte ?,Demande de relevé
Samira Elidrissi,"Bonjour, je veux connaître le solde de mon compte.",Demande de relevé
Nour Elmansouri,"Ma carte est bloquée, que dois-je faire ?",Vérification de solde
Mouna Naciri,"J'ai perdu mon téléphone, est-ce que je peux désactiver l'application mobile ?",Demande de relevé
Amina Elmansouri,"J'ai perdu mon téléphone, est-ce que je peux désactiver l'application mobile ?",Mot de passe oublié
Salma Zahiri,"Bonjour, je veux connaître le solde de mon compte.",Rendez-vous en agence
Mehdi Jebari,Comment puis-je obtenir un relevé de compte ?,Opposition carte
Yassine Touil,Comment puis-je obtenir un relevé de compte ?,Mot de passe oublié
Ayoub Bensaid,Comment puis-je obtenir un relevé de compte ?,Demande de relevé
Zineb Ouzzani,Comment puis-je obtenir un relevé de compte ?,Opposition carte
Hassan Baroudi,"Bonjour, je veux connaître le solde de mon compte.",Vérification de solde
Saad Alaoui,"Bonjour, je veux connaître le solde de mon compte.",Mot de passe oublié
Tarik Sekkat,Comment puis-je obtenir un relevé de compte ?,Rendez-vous en agence
Ikram Elkhatib,"Ma carte est bloquée, que dois-je faire ?",Opposition carte
Abdelaziz Bennis,"Bonjour, je veux connaître le solde de mon compte.",Opposition carte
Houda Rguig,"Ma carte est bloquée, que dois-je faire ?",Mot de passe oublié
Nour Bensaid,"J'ai perdu mon téléphone, est-ce que je peux désactiver l'application mobile ?",Mot de passe oublié
Houda Rguig,"J'ai perdu mon téléphone, est-ce que je peux désactiver l'application mobile ?",Opposition carte
Rachid Elkhatib,"J'ai perdu mon téléphone, est-ce que je peux désactiver l'application mobile ?",Rendez-vous en agence
Malak Rguig,"Bonjour, je veux connaître le solde de mon compte.",Vérification de solde
Amina Zerouali,"Bonjour, je veux connaître le solde de mon compte.",Mot de passe oublié
Zakaria Ouzzani,Comment puis-je obtenir un relevé de compte ?,Vérification de solde
Mouna Naciri,Comment puis-je obtenir un relevé de compte ?,Opposition carte
Fatima Bennani,"Bonjour, je veux connaître le solde de mon compte.",Vérification de solde
Imane Elmansouri,"J'ai perdu mon téléphone, est-ce que je peux désactiver l'application mobile ?",Opposition carte
Abdelhak Elmansouri,"Ma carte est bloquée, que dois-je faire ?",Demande de relevé
Amina Chouaib,"J'ai perdu mon téléphone, est-ce que je peux désactiver l'application mobile ?",Opposition carte
Adil Lahlou,"Ma carte est bloquée, que dois-je faire ?",Rendez-vous en agence
Soukaina Naciri,Comment puis-je obtenir un relevé de compte ?,Rendez-vous en agence
Hassan Baroudi,"Bonjour, je veux connaître le solde de mon compte.",Vérification de solde
Karim Lahlou,"J'ai perdu mon téléphone, est-ce que je peux désactiver l'application mobile ?",Opposition carte
Rachid Hariri,"Ma carte est bloquée, que dois-je faire ?",Mot de passe oublié
Soukaina Touil,"J'ai perdu mon téléphone, est-ce que je peux désactiver l'application mobile ?",Rendez-vous en agence
Malak Bennis,Comment puis-je obtenir un relevé de compte ?,Vérification de solde
Imane Baroudi,"Ma carte est bloquée, que dois-je faire ?",Opposition carte
Malak Baroudi,"Ma carte est bloquée, que dois-je faire ?",Demande de relevé
Omar Maaroufi,"Bonjour, je veux connaître le solde de mon compte.",Vérification de solde
Nadia Alaoui,Comment puis-je obtenir un relevé de compte ?,Demande de relevé
Hassan Bensaid,"J'ai perdu mon téléphone, est-ce que je peux désactiver l'application mobile ?",Opposition carte
Ikram Chakiri,"Bonjour, je veux connaître le solde de mon compte.",Rendez-vous en agence
Hiba Rguig,"Bonjour, je veux connaître le solde de mon compte.",Vérification de solde
Ilham Tahiri,"Bonjour, je veux connaître le solde de mon compte.",Mot de passe oublié
Soukaina Bakkali,"J'ai perdu mon téléphone, est-ce que je peux désactiver l'application mobile ?",Opposition carte
Mohamed Moutawakil,Comment puis-je obtenir un relevé de compte ?,Demande de relevé
Anass Elmansouri,"Ma carte est bloquée, que dois-je faire ?",Demande de relevé
Omar Zahiri,"Ma carte est bloquée, que dois-je faire ?",Opposition carte
Adil Elalami,"Bonjour, je veux connaître le solde de mon compte.",Vérification de solde
Mehdi Jebari,"J'ai perdu mon téléphone, est-ce que je peux désactiver l'application mobile ?",Demande de relevé
Zakaria Rguig,"Bonjour, je veux connaître le solde de mon compte.",Mot de passe oublié
Ibrahim Boukhriss,"Ma carte est bloquée, que dois-je faire ?",Mot de passe oublié
Ikram Zerouali,"Bonjour, je veux connaître le solde de mon compte.",Demande de relevé
Malak Naciri,"J'ai perdu mon téléphone, est-ce que je peux désactiver l'application mobile ?",Mot de passe oublié
Saad Moutawakil,"Bonjour, je veux connaître le solde de mon compte.",Vérification de solde
Rachid Boukhriss,Comment puis-je obtenir un relevé de compte ?,Vérification de solde
Amina Elmansouri,Comment puis-je obtenir un relevé de compte ?,Mot de passe oublié
Adil Sekkat,"Ma carte est bloquée, que dois-je faire ?",Vérification de solde
Malak Zerouali,"Ma carte est bloquée, que dois-je faire ?",Vérification de solde
Zineb Bakkali,Comment puis-je obtenir un relevé de compte ?,Opposition carte
Omar Chouaib,"Bonjour, je veux connaître le solde de mon compte.",Opposition carte
Khadija Chraibi,"J'ai perdu mon téléphone, est-ce que je peux désactiver l'application mobile ?",Opposition carte
Ikram Bennis,"Ma carte est bloquée, que dois-je faire ?",Rendez-vous en agence
Ilham Zahiri,"Bonjour, je veux connaître le solde de mon compte.",Rendez-vous en agence
Mouna Chraibi,"J'ai perdu mon téléphone, est-ce que je peux désactiver l'application mobile ?",Rendez-vous en agence
Omar Boukhriss,"Bonjour, je veux connaître le solde de mon compte.",Vérification de solde
Zakaria Fadili,"Bonjour, je veux connaître le solde de mon compte.",Demande de relevé
Hiba Bennani,"Ma carte est bloquée, que dois-je faire ?",Rendez-vous en agence
Zineb Bakkali,Comment puis-je obtenir un relevé de compte ?,Mot de passe oublié
Salma Elmansouri,"J'ai perdu mon téléphone, est-ce que je peux désactiver l'application mobile ?",Demande de relevé
Rachid Baroudi,Comment puis-je obtenir un relevé de compte ?,Demande de relevé
Anass Tahiri,Comment puis-je obtenir un relevé de compte ?,Rendez-vous en agence
Fatima Tahiri,"Ma carte est bloquée, que dois-je faire ?",Demande de relevé
Rim Lahlou,Comment puis-je obtenir un relevé de compte ?,Mot de passe oublié
Othmane Bennis,"Ma carte est bloquée, que dois-je faire ?",Vérification de solde
Abdelhak Ouzzani,"Ma carte est bloquée, que dois-je faire ?",Demande de relevé
Imane Alaoui,"Ma carte est bloquée, que dois-je faire ?",Demande de relevé
Amina Hariri,Comment puis-je obtenir un relevé de compte ?,Mot de passe oublié
Rachid Elkhatib,Comment puis-je obtenir un relevé de compte ?,Vérification de solde
Omar Hariri,"J'ai perdu mon téléphone, est-ce que je peux désactiver l'application mobile ?",Rendez-vous en agence
Houda Maaroufi,"Bonjour, je veux connaître le solde de mon compte.",Vérification de solde
Youssef Bensaid,"Ma carte est bloquée, que dois-je faire ?",Opposition carte
Fatima Zerouali,"J'ai perdu mon téléphone, est-ce que je peux désactiver l'application mobile ?",Mot de passe oublié
Mouna Ouzzani,Comment puis-je obtenir un relevé de compte ?,Vérification de solde
Ibrahim Maaroufi,"Ma carte est bloquée, que dois-je faire ?",Opposition carte
Khadija Bennis,"Ma carte est bloquée, que dois-je faire ?",Demande de relevé
Amina Zerouali,"J'ai perdu mon téléphone, est-ce que je peux désactiver l'application mobile ?",Opposition carte
Amina Hariri,"Ma carte est bloquée, que dois-je faire ?",Mot de passe oublié
Mouna Ouzzani,"J'ai perdu mon téléphone, est-ce que je peux désactiver l'application mobile ?",Mot de passe oublié
Hassan Hariri,"Bonjour, je veux connaître le solde de mon compte.",Mot de passe oublié
Bouchra Hariri,Comment puis-je obtenir un relevé de compte ?,Opposition carte
Mehdi Jebari,"Ma carte est bloquée, que dois-je faire ?",Rendez-vous en agence
Abdelaziz Amrani,Comment puis-je obtenir un relevé de compte ?,Demande de relevé
Ikram Bennani,"J'ai perdu mon téléphone, est-ce que je peux désactiver l'application mobile ?",Mot de passe oublié
Saad Chakiri,"Bonjour, je veux connaître le solde de mon compte.",Rendez-vous en agence
Rachid Alaoui,"Bonjour, je veux connaître le solde de mon compte.",Rendez-vous en agence
Soukaina Elidrissi,"Bonjour, je veux connaître le solde de mon compte.",Opposition carte
Youssef Zerouali,"Bonjour, je veux connaître le solde de mon compte.",Rendez-vous en agence
Siham Lahlou,"J'ai perdu mon téléphone, est-ce que je peux désactiver l'application mobile ?",Mot de passe oublié
Abdelhak Naciri,"Ma carte est bloquée, que dois-je faire ?",Mot de passe oublié
Khadija Elkhatib,Comment puis-je obtenir un relevé de compte ?,Opposition carte
Reda Jebari,Comment puis-je obtenir un relevé de compte ?,Mot de passe oublié
Hassan Fadili,"Bonjour, je veux connaître le solde de mon compte.",Rendez-vous en agence
Ilham Elalami,"Bonjour, je veux connaître le solde de mon compte.",Mot de passe oublié
Ayoub Zerouali,"Bonjour, je veux connaître le solde de mon compte.",Mot de passe oublié
Imane Chraibi,"J'ai perdu mon téléphone, est-ce que je peux désactiver l'application mobile ?",Vérification de solde
Hassan Ouzzani,"Bonjour, je veux connaître le solde de mon compte.",Vérification de solde
Soukaina Fassi,"Bonjour, je veux connaître le solde de mon compte.",Opposition carte
Siham Chouaib,"Ma carte est bloquée, que dois-je faire ?",Demande de relevé
Rim Baroudi,"Bonjour, je veux connaître le solde de mon compte.",Rendez-vous en agence
Rim Chouaib,Comment puis-je obtenir un relevé de compte ?,Demande de relevé
Imane Naciri,"J'ai perdu mon téléphone, est-ce que je peux désactiver l'application mobile ?",Vérification de solde
Othmane Rguig,Comment puis-je obtenir un relevé de compte ?,Mot de passe oublié
Yassine Fadili,"Bonjour, je veux connaître le solde de mon compte.",Mot de passe oublié
Rayan Fadili,"J'ai perdu mon téléphone, est-ce que je peux désactiver l'application mobile ?",Demande de relevé
Abdelaziz Elidrissi,"Ma carte est bloquée, que dois-je faire ?",Rendez-vous en agence
Mouna Tahiri,"Bonjour, je veux connaître le solde de mon compte.",Rendez-vous en agence
Ikram Elkhatib,"J'ai perdu mon téléphone, est-ce que je peux désactiver l'application mobile ?",Opposition carte
Zineb Bennis,"Ma carte est bloquée, que dois-je faire ?",Vérification de solde
Mouna Ouzzani,Comment puis-je obtenir un relevé de compte ?,Mot de passe oublié
Tarik Chouaib,"Bonjour, je veux connaître le solde de mon compte.",Demande de relevé
Khadija Lahlou,"Ma carte est bloquée, que dois-je faire ?",Demande de relevé
Ibrahim Boukhriss,"Bonjour, je veux connaître le solde de mon compte.",Vérification de solde
Ilham Fadili,"Bonjour, je veux connaître le solde de mon compte.",Mot de passe oublié
Soukaina Bakkali,Comment puis-je obtenir un relevé de compte ?,Vérification de solde
Mouna Jebari,"Ma carte est bloquée, que dois-je faire ?",Opposition carte
Saad Baroudi,"J'ai perdu mon téléphone, est-ce que je peux désactiver l'application mobile ?",Vérification de solde
Malak Chouaib,"J'ai perdu mon téléphone, est-ce que je peux désactiver l'application mobile ?",Vérification de solde
Ikram Bennani,Comment puis-je obtenir un relevé de compte ?,Demande de relevé
Bouchra Chakiri,"J'ai perdu mon téléphone, est-ce que je peux désactiver l'application mobile ?",Opposition carte
Ibrahim Maaroufi,"Ma carte est bloquée, que dois-je faire ?",Opposition carte
Othmane Elidrissi,"J'ai perdu mon téléphone, est-ce que je peux désactiver l'application mobile ?",Vérification de solde
Houda Bennani,"Ma carte est bloquée, que dois-je faire ?",Demande de relevé
Khadija Elkhatib,"Bonjour, je veux connaître le solde de mon compte.",Demande de relevé
Samira Fadili,Comment puis-je obtenir un relevé de compte ?,Opposition carte
Siham Chouaib,"Bonjour, je veux connaître le solde de mon compte.",Rendez-vous en agence
Amina Boukhriss,Comment puis-je obtenir un relevé de compte ?,Demande de relevé
Saad Maaroufi,"Bonjour, je veux connaître le solde de mon compte.",Vérification de solde
Rim Fassi,Comment puis-je obtenir un relevé de compte ?,Demande de relevé
Rim Tahiri,"Ma carte est bloquée, que dois-je faire ?",Opposition carte
Malak Rguig,Comment puis-je obtenir un relevé de compte ?,Mot de passe oublié
Amina Fassi,"Bonjour, je veux connaître le solde de mon compte.",Opposition carte
Ayoub Lahlou,"Bonjour, je veux connaître le solde de mon compte.",Vérification de solde
Othmane Tahiri,"Bonjour, je veux connaître le solde de mon compte.",Mot de passe oublié
Zakaria Rguig,Comment puis-je obtenir un relevé de compte ?,Opposition carte
Imane Alaoui,"Ma carte est bloquée, que dois-je faire ?",Vérification de solde
Malak Naciri,"Bonjour, je veux connaître le solde de mon compte.",Mot de passe oublié
Imane Rguig,"Ma carte est bloquée, que dois-je faire ?",Opposition carte
Imane Bennis,"Bonjour, je veux connaître le solde de mon compte.",Rendez-vous en agence
Adil Elidrissi,"J'ai perdu mon téléphone, est-ce que je peux désactiver l'application mobile ?",Mot de passe oublié
Rim Elkhatib,"Bonjour, je veux connaître le solde de mon compte.",Opposition carte
Ibrahim Chouaib,"Bonjour, je veux connaître le solde de mon compte.",Demande de relevé
Yassine Fadili,"Ma carte est bloquée, que dois-je faire ?",Opposition carte
Amina Chouaib,"J'ai perdu mon téléphone, est-ce que je peux désactiver l'application mobile ?",Demande de relevé
Saad Chraibi,"Ma carte est bloquée, que dois-je faire ?",Opposition carte
Soukaina Zerouali,"Bonjour, je veux connaître le solde de mon compte.",Opposition carte
Omar Alaoui,Comment puis-je obtenir un relevé de compte ?,Vérification de solde
Imane Elmansouri,"J'ai perdu mon téléphone, est-ce que je peux désactiver l'application mobile ?",Mot de passe oublié
Nour Naciri,"Bonjour, je veux connaître le solde de mon compte.",Mot de passe oublié
Tarik Chraibi,Comment puis-je obtenir un relevé de compte ?,Rendez-vous en agence
Mehdi Alaoui,Comment puis-je obtenir un relevé de compte ?,Vérification de solde
Hiba Boukhriss,Comment puis-je obtenir un relevé de compte ?,Mot de passe oublié
Ibrahim Boukhriss,"J'ai perdu mon téléphone, est-ce que je peux désactiver l'application mobile ?",Vérification de solde
Salma Bakkali,"J'ai perdu mon téléphone, est-ce que je peux désactiver l'application mobile ?",Mot de passe oublié
Bouchra Bensaid,"Ma carte est bloquée, que dois-je faire ?",Opposition carte
Abdelaziz Hariri,"J'ai perdu mon téléphone, est-ce que je peux désactiver l'application mobile ?",Demande de relevé
Yassine Touil,Comment puis-je obtenir un relevé de compte ?,Mot de passe oublié
Tarik Rguig,"Ma carte est bloquée, que dois-je faire ?",Mot de passe oublié
Samira Touil,"J'ai perdu mon téléphone, est-ce que je peux désactiver l'application mobile ?",Demande de relevé
Samira Bakkali,Comment puis-je obtenir un relevé de compte ?,Opposition carte
Siham Elmansouri,"Bonjour, je veux connaître le solde de mon compte.",Demande de relevé
Adil Naciri,"Ma carte est bloquée, que dois-je faire ?",Demande de relevé
Ayoub Lahlou,"Ma carte est bloquée, que dois-je faire ?",Vérification de solde
Saad Lahlou,Comment puis-je obtenir un relevé de compte ?,Vérification de solde
Othmane Tahiri,"J'ai perdu mon téléphone, est-ce que je peux désactiver l'application mobile ?",Opposition carte
Ibrahim Bensaid,"Ma carte est bloquée, que dois-je faire ?",Mot de passe oublié
Siham Elkhatib,Comment puis-je obtenir un relevé de compte ?,Demande de relevé
Karim Elkhatib,Comment puis-je obtenir un relevé de compte ?,Demande de relevé
Hassan Touil,Comment puis-je obtenir un relevé de compte ?,Rendez-vous en agence
Omar Fassi,"Bonjour, je veux connaître le solde de mon compte.",Demande de relevé
Salma Moutawakil,"J'ai perdu mon téléphone, est-ce que je peux désactiver l'application mobile ?",Demande de relevé
Abdelaziz Boukhriss,Comment puis-je obtenir un relevé de compte ?,Opposition carte
Anass Baroudi,Comment puis-je obtenir un relevé de compte ?,Vérification de solde
Abdelaziz Jebari,"Bonjour, je veux connaître le solde de mon compte.",Opposition carte
Rayan Elalami,Comment puis-je obtenir un relevé de compte ?,Vérification de solde
Samira Fadili,"Bonjour, je veux connaître le solde de mon compte.",Demande de relevé
Hassan Touil,"Bonjour, je veux connaître le solde de mon compte.",Rendez-vous en agence
Adil Tahiri,Comment puis-je obtenir un relevé de compte ?,Vérification de solde
Rachid Maaroufi,"Ma carte est bloquée, que dois-je faire ?",Opposition carte
Rim Lahlou,"J'ai perdu mon téléphone, est-ce que je peux désactiver l'application mobile ?",Demande de relevé
Zakaria Rguig,"Ma carte est bloquée, que dois-je faire ?",Rendez-vous en agence
Fatima Chouaib,Comment puis-je obtenir un relevé de compte ?,Rendez-vous en agence
Saad Hariri,"Bonjour, je veux connaître le solde de mon compte.",Rendez-vous en agence
Omar Fadili,"Bonjour, je veux connaître le solde de mon compte.",Rendez-vous en agence
Omar Hariri,"Ma carte est bloquée, que dois-je faire ?",Mot de passe oublié
Amina Hariri,"Ma carte est bloquée, que dois-je faire ?",Vérification de solde
Adil Bakkali,"J'ai perdu mon téléphone, est-ce que je peux désactiver l'application mobile ?",Demande de relevé
Rayan Rguig,"Bonjour, je veux connaître le solde de mon compte.",Demande de relevé
Hassan Hariri,"J'ai perdu mon téléphone, est-ce que je peux désactiver l'application mobile ?",Mot de passe oublié
Zineb Naciri,Comment puis-je obtenir un relevé de compte ?,Vérification de solde
Zineb Bakkali,"Bonjour, je veux connaître le solde de mon compte.",Vérification de solde
Khadija Zahiri,"Ma carte est bloquée, que dois-je faire ?",Rendez-vous en agence
Hassan Jebari,"Bonjour, je veux connaître le solde de mon compte.",Rendez-vous en agence
Yassine Touil,Comment puis-je obtenir un relevé de compte ?,Rendez-vous en agence
Mouna Jebari,Comment puis-je obtenir un relevé de compte ?,Mot de passe oublié
Fatima Bennani,"J'ai perdu mon téléphone, est-ce que je peux désactiver l'application mobile ?",Rendez-vous en agence
Reda Elkhatib,"Ma carte est bloquée, que dois-je faire ?",Vérification de solde
Siham Baroudi,Comment puis-je obtenir un relevé de compte ?,Vérification de solde
Salma Sekkat,"Ma carte est bloquée, que dois-je faire ?",Vérification de solde
Saad Maaroufi,"J'ai perdu mon téléphone, est-ce que je peux désactiver l'application mobile ?",Opposition carte
Bouchra Elidrissi,"Bonjour, je veux connaître le solde de mon compte.",Opposition carte
Zineb Chouaib,"Ma carte est bloquée, que dois-je faire ?",Vérification de solde
Bouchra Amrani,"J'ai perdu mon téléphone, est-ce que je peux désactiver l'application mobile ?",Vérification de solde
Ibrahim Maaroufi,Comment puis-je obtenir un relevé de compte ?,Vérification de solde
Saad Ouzzani,"Ma carte est bloquée, que dois-je faire ?",Rendez-vous en agence
Zakaria Fadili,"J'ai perdu mon téléphone, est-ce que je peux désactiver l'application mobile ?",Opposition carte
Malak Bennis,"Ma carte est bloquée, que dois-je faire ?",Vérification de solde
Fatima Bensaid,"Bonjour, je veux connaître le solde de mon compte.",Vérification de solde
Mohamed Bensaid,"Ma carte est bloquée, que dois-je faire ?",Rendez-vous en agence
Fatima Touil,"Ma carte est bloquée, que dois-je faire ?",Demande de relevé
Anass Lahlou,"J'ai perdu mon téléphone, est-ce que je peux désactiver l'application mobile ?",Mot de passe oublié
Abdelhak Ouzzani,"J'ai perdu mon téléphone, est-ce que je peux désactiver l'application mobile ?",Vérification de solde
Mouna Alaoui,"Ma carte est bloquée, que dois-je faire ?",Opposition carte
Nadia Elidrissi,"J'ai perdu mon téléphone, est-ce que je peux désactiver l'application mobile ?",Demande de relevé
Adil Maaroufi,"J'ai perdu mon téléphone, est-ce que je peux désactiver l'application mobile ?",Rendez-vous en agence
Mouna Lahlou,Comment puis-je obtenir un relevé de compte ?,Vérification de solde
Hiba Ouzzani,"Bonjour, je veux connaître le solde de mon compte.",Rendez-vous en agence
Ilham Zahiri,"Ma carte est bloquée, que dois-je faire ?",Vérification de solde
Amina Elmansouri,"Bonjour, je veux connaître le solde de mon compte.",Mot de passe oublié
Rayan Rguig,"Bonjour, je veux connaître le solde de mon compte.",Demande de relevé
Amina Elmansouri,"Bonjour, je veux connaître le solde de mon compte.",Vérification de solde
Imane Chouaib,"J'ai perdu mon téléphone, est-ce que je peux désactiver l'application mobile ?",Demande de relevé
Adil Boukhriss,"Ma carte est bloquée, que dois-je faire ?",Rendez-vous en agence
Mehdi Jebari,Comment puis-je obtenir un relevé de compte ?,Opposition carte
Mehdi Jebari,Comment puis-je obtenir un relevé de compte ?,Mot de passe oublié
Reda Maaroufi,"Ma carte est bloquée, que dois-je faire ?",Opposition carte
Imane Bennis,"Ma carte est bloquée, que dois-je faire ?",Opposition carte
Zineb Chraibi,"Ma carte est bloquée, que dois-je faire ?",Mot de passe oublié
Malak Elidrissi,Comment puis-je obtenir un relevé de compte ?,Rendez-vous en agence
Houda Zerouali,"J'ai perdu mon téléphone, est-ce que je peux désactiver l'application mobile ?",Mot de passe oublié
Imane Baroudi,"Bonjour, je veux connaître le solde de mon compte.",Demande de relevé
Imane Bennis,Comment puis-je obtenir un relevé de compte ?,Rendez-vous en agence
Ibrahim Elmansouri,"Bonjour, je veux connaître le solde de mon compte.",Mot de passe oublié
Ilham Fadili,"Bonjour, je veux connaître le solde de mon compte.",Rendez-vous en agence
Salma Elalami,Comment puis-je obtenir un relevé de compte ?,Mot de passe oublié
Tarik Rguig,"J'ai perdu mon téléphone, est-ce que je peux désactiver l'application mobile ?",Rendez-vous en agence
Samira Touil,"Bonjour, je veux connaître le solde de mon compte.",Opposition carte
Saad Ouzzani,"Bonjour, je veux connaître le solde de mon compte.",Vérification de solde
Rim Elidrissi,"Bonjour, je veux connaître le solde de mon compte.",Mot de passe oublié
Nour Chraibi,"Ma carte est bloquée, que dois-je faire ?",Demande de relevé
Saad Chakiri,"Ma carte est bloquée, que dois-je faire ?",Opposition carte
Zakaria Tahiri,"J'ai perdu mon téléphone, est-ce que je peux désactiver l'application mobile ?",Vérification de solde
Ilham Elidrissi,"J'ai perdu mon téléphone, est-ce que je peux désactiver l'application mobile ?",Opposition carte
Saad Moutawakil,"Bonjour, je veux connaître le solde de mon compte.",Opposition carte
Abdelaziz Zerouali,"J'ai perdu mon téléphone, est-ce que je peux désactiver l'application mobile ?",Rendez-vous en agence
Abdelhak Naciri,Comment puis-je obtenir un relevé de compte ?,Vérification de solde
Zakaria Fadili,"Bonjour, je veux connaître le solde de mon compte.",Rendez-vous en agence
Mouna Zerouali,"Bonjour, je veux connaître le solde de mon compte.",Opposition carte
Yassine Touil,"Ma carte est bloquée, que dois-je faire ?",Mot de passe oublié
Zineb Ouzzani,"Bonjour, je veux connaître le solde de mon compte.",Mot de passe oublié
Mouna Bakkali,Comment puis-je obtenir un relevé de compte ?,Rendez-vous en agence
Houda Maaroufi,"Ma carte est bloquée, que dois-je faire ?",Vérification de solde
Othmane Naciri,"Bonjour, je veux connaître le solde de mon compte.",Demande de relevé
Rim Baroudi,"J'ai perdu mon téléphone, est-ce que je peux désactiver l'application mobile ?",Vérification de solde
Samira Bakkali,"J'ai perdu mon téléphone, est-ce que je peux désactiver l'application mobile ?",Rendez-vous en agence
Salma Elalami,"Bonjour, je veux connaître le solde de mon compte.",Vérification de solde
Karim Lahlou,Comment puis-je obtenir un relevé de compte ?,Opposition carte
Mehdi Boukhriss,"Ma carte est bloquée, que dois-je faire ?",Opposition carte
Hassan Bensaid,Comment puis-je obtenir un relevé de compte ?,Rendez-vous en agence
Samira Touil,"J'ai perdu mon téléphone, est-ce que je peux désactiver l'application mobile ?",Mot de passe oublié
Abdelaziz Bennis,"Bonjour, je veux connaître le solde de mon compte.",Mot de passe oublié
Imane Rguig,"Bonjour, je veux connaître le solde de mon compte.",Demande de relevé
Imane Amrani,"J'ai perdu mon téléphone, est-ce que je peux désactiver l'application mobile ?",Vérification de solde
Rim Elidrissi,"Bonjour, je veux connaître le solde de mon compte.",Opposition carte
Nour Chraibi,"J'ai perdu mon téléphone, est-ce que je peux désactiver l'application mobile ?",Mot de passe oublié
Amina Boukhriss,"J'ai perdu mon téléphone, est-ce que je peux désactiver l'application mobile ?",Vérification de solde
Rayan Elalami,"Ma carte est bloquée, que dois-je faire ?",Vérification de solde
Ilham Zahiri,"Bonjour, je veux connaître le solde de mon compte.",Opposition carte
Houda Elidrissi,Comment puis-je obtenir un relevé de compte ?,Opposition carte
Adil Naciri,"J'ai perdu mon téléphone, est-ce que je peux désactiver l'application mobile ?",Opposition carte
Bouchra Rguig,Comment puis-je obtenir un relevé de compte ?,Demande de relevé
Laila Zerouali,Comment puis-je obtenir un relevé de compte ?,Vérification de solde
Omar Elidrissi,Comment puis-je obtenir un relevé de compte ?,Vérification de solde
Khadija Bennis,"Ma carte est bloquée, que dois-je faire ?",Rendez-vous en agence
Nour Boukhriss,"Bonjour, je veux connaître le solde de mon compte.",Vérification de solde
Ikram Bennis,"Bonjour, je veux connaître le solde de mon compte.",Vérification de solde
Othmane Rguig,"Bonjour, je veux connaître le solde de mon compte.",Opposition carte
Omar Alaoui,"Bonjour, je veux connaître le solde de mon compte.",Demande de relevé
Tarik Alaoui,"Ma carte est bloquée, que dois-je faire ?",Rendez-vous en agence
Fatima Bennani,"Bonjour, je veux connaître le solde de mon compte.",Vérification de solde
Imane Baroudi,"Bonjour, je veux connaître le solde de mon compte.",Rendez-vous en agence
Mehdi Zerouali,"Ma carte est bloquée, que dois-je faire ?",Opposition carte
Soukaina Touil,"Ma carte est bloquée, que dois-je faire ?",Opposition carte
Malak Amrani,Comment puis-je obtenir un relevé de compte ?,Mot de passe oublié
Youssef Chraibi,Comment puis-je obtenir un relevé de compte ?,Mot de passe oublié
Reda Chouaib,"Bonjour, je veux connaître le solde de mon compte.",Vérification de solde
Mohamed Moutawakil,"Ma carte est bloquée, que dois-je faire ?",Vérification de solde
Ilham Tahiri,"Ma carte est bloquée, que dois-je faire ?",Opposition carte
Mehdi Jebari,"Ma carte est bloquée, que dois-je faire ?",Demande de relevé
Rachid Hariri,Comment puis-je obtenir un relevé de compte ?,Rendez-vous en agence
Abdelhak Ouzzani,"Bonjour, je veux connaître le solde de mon compte.",Opposition carte
Abdelaziz Hariri,"Ma carte est bloquée, que dois-je faire ?",Opposition carte
Omar Fassi,"Bonjour, je veux connaître le solde de mon compte.",Demande de relevé
Siham Sekkat,"Ma carte est bloquée, que dois-je faire ?",Demande de relevé
Hassan Jebari,"J'ai perdu mon téléphone, est-ce que je peux désactiver l'application mobile ?",Mot de passe oublié
Salma Boukhriss,"J'ai perdu mon téléphone, est-ce que je peux désactiver l'application mobile ?",Demande de relevé
Hiba Jebari,"Ma carte est bloquée, que dois-je faire ?",Vérification de solde
Karim Amrani,"Ma carte est bloquée, que dois-je faire ?",Rendez-vous en agence
Zakaria Fadili,"Bonjour, je veux connaître le solde de mon compte.",Rendez-vous en agence
Rachid Alaoui,"J'ai perdu mon téléphone, est-ce que je peux désactiver l'application mobile ?",Demande de relevé
Mehdi Amrani,"Ma carte est bloquée, que dois-je faire ?",Mot de passe oublié
Malak Elkhatib,Comment puis-je obtenir un relevé de compte ?,Opposition carte
Adil Sekkat,"J'ai perdu mon téléphone, est-ce que je peux désactiver l'application mobile ?",Mot de passe oublié
Salma Hariri,"Ma carte est bloquée, que dois-je faire ?",Mot de passe oublié
Mohamed Moutawakil,Comment puis-je obtenir un relevé de compte ?,Rendez-vous en agence
Amina Amrani,"Bonjour, je veux connaître le solde de mon compte.",Opposition carte
Rim Fassi,"J'ai perdu mon téléphone, est-ce que je peux désactiver l'application mobile ?",Opposition carte
Zakaria Bensaid,Comment puis-je obtenir un relevé de compte ?,Demande de relevé
Malak Elmansouri,Comment puis-je obtenir un relevé de compte ?,Demande de relevé
Fatima Zerouali,Comment puis-je obtenir un relevé de compte ?,Demande de relevé
Tarik Jebari,"Bonjour, je veux connaître le solde de mon compte.",Opposition carte
Karim Boukhriss,"Bonjour, je veux connaître le solde de mon compte.",Demande de relevé
Khadija Chraibi,"J'ai perdu mon téléphone, est-ce que je peux désactiver l'application mobile ?",Rendez-vous en agence
Rim Baroudi,"J'ai perdu mon téléphone, est-ce que je peux désactiver l'application mobile ?",Vérification de solde
Youssef Alaoui,"Bonjour, je veux connaître le solde de mon compte.",Vérification de solde
Soukaina Naciri,"Bonjour, je veux connaître le solde de mon compte.",Demande de relevé
Houda Bennani,"Bonjour, je veux connaître le solde de mon compte.",Demande de relevé
Tarik Jebari,"Bonjour, je veux connaître le solde de mon compte.",Demande de relevé
Ikram Amrani,Comment puis-je obtenir un relevé de compte ?,Demande de relevé
Ibrahim Baroudi,"Ma carte est bloquée, que dois-je faire ?",Demande de relevé
Soukaina Bakkali,"J'ai perdu mon téléphone, est-ce que je peux désactiver l'application mobile ?",Opposition carte
Karim Elkhatib,"Bonjour, je veux connaître le solde de mon compte.",Rendez-vous en agence
Ikram Bennis,"J'ai perdu mon téléphone, est-ce que je peux désactiver l'application mobile ?",Rendez-vous en agence
Laila Maaroufi,"Ma carte est bloquée, que dois-je faire ?",Vérification de solde
Nour Bensaid,"J'ai perdu mon téléphone, est-ce que je peux désactiver l'application mobile ?",Rendez-vous en agence
Mehdi Zerouali,Comment puis-je obtenir un relevé de compte ?,Mot de passe oublié
Yassine Lahlou,"Ma carte est bloquée, que dois-je faire ?",Mot de passe oublié
Abdelhak Amrani,Comment puis-je obtenir un relevé de compte ?,Demande de relevé
Imane Naciri,"Bonjour, je veux connaître le solde de mon compte.",Mot de passe oublié
Hiba Boukhriss,"J'ai perdu mon téléphone, est-ce que je peux désactiver l'application mobile ?",Opposition carte
Salma Elidrissi,"Bonjour, je veux connaître le solde de mon compte.",Vérification de solde
Houda Touil,"Ma carte est bloquée, que dois-je faire ?",Demande de relevé
Nour Elmansouri,"J'ai perdu mon téléphone, est-ce que je peux désactiver l'application mobile ?",Demande de relevé
Samira Elidrissi,"Ma carte est bloquée, que dois-je faire ?",Opposition carte
Samira Jebari,"J'ai perdu mon téléphone, est-ce que je peux désactiver l'application mobile ?",Rendez-vous en agence
Houda Touil,"J'ai perdu mon téléphone, est-ce que je peux désactiver l'application mobile ?",Rendez-vous en agence
Ilham Fadili,"J'ai perdu mon téléphone, est-ce que je peux désactiver l'application mobile ?",Rendez-vous en agence
Mouna Jebari,"Ma carte est bloquée, que dois-je faire ?",Vérification de solde
Saad Baroudi,"J'ai perdu mon téléphone, est-ce que je peux désactiver l'application mobile ?",Mot de passe oublié
Rachid Elkhatib,"Ma carte est bloquée, que dois-je faire ?",Vérification de solde
Rayan Boukhriss,"Ma carte est bloquée, que dois-je faire ?",Opposition carte
Ibrahim Elmansouri,Comment puis-je obtenir un relevé de compte ?,Rendez-vous en agence
Othmane Bakkali,"Ma carte est bloquée, que dois-je faire ?",Demande de relevé
Abdelhak Naciri,"Bonjour, je veux connaître le solde de mon compte.",Vérification de solde
Anass Naciri,"Bonjour, je veux connaître le solde de mon compte.",Demande de relevé
Tarik Chraibi,"Ma carte est bloquée, que dois-je faire ?",Demande de relevé
Malak Rguig,"J'ai perdu mon téléphone, est-ce que je peux désactiver l'application mobile ?",Mot de passe oublié
Houda Touil,"Bonjour, je veux connaître le solde de mon compte.",Vérification de solde
Tarik Chraibi,Comment puis-je obtenir un relevé de compte ?,Opposition carte
Salma Bakkali,"J'ai perdu mon téléphone, est-ce que je peux désactiver l'application mobile ?",Vérification de solde
Reda Maaroufi,"J'ai perdu mon téléphone, est-ce que je peux désactiver l'application mobile ?",Vérification de solde
Laila Tahiri,Comment puis-je obtenir un relevé de compte ?,Mot de passe oublié
Khadija Elkhatib,"J'ai perdu mon téléphone, est-ce que je peux désactiver l'application mobile ?",Mot de passe oublié
Fatima Zerouali,"J'ai perdu mon téléphone, est-ce que je peux désactiver l'application mobile ?",Demande de relevé
Hassan Elkhatib,"Bonjour, je veux connaître le solde de mon compte.",Rendez-vous en agence
Salma Chraibi,Comment puis-je obtenir un relevé de compte ?,Opposition carte
Abdelaziz Bennis,"Ma carte est bloquée, que dois-je faire ?",Vérification de solde
Nadia Alaoui,"Ma carte est bloquée, que dois-je faire ?",Vérification de solde
Rachid Naciri,"J'ai perdu mon téléphone, est-ce que je peux désactiver l'application mobile ?",Demande de relevé
Siham Zahiri,"J'ai perdu mon téléphone, est-ce que je peux désactiver l'application mobile ?",Vérification de solde
Ayoub Baroudi,"J'ai perdu mon téléphone, est-ce que je peux désactiver l'application mobile ?",Demande de relevé
Soukaina Lahlou,Comment puis-je obtenir un relevé de compte ?,Demande de relevé
Soukaina Elidrissi,"Ma carte est bloquée, que dois-je faire ?",Mot de passe oublié
Othmane Chakiri,"J'ai perdu mon téléphone, est-ce que je peux désactiver l'application mobile ?",Rendez-vous en agence
Houda Hariri,Comment puis-je obtenir un relevé de compte ?,Opposition carte
Abdelhak Naciri,"Bonjour, je veux connaître le solde de mon compte.",Rendez-vous en agence
Rachid Naciri,"Ma carte est bloquée, que dois-je faire ?",Rendez-vous en agence
Mehdi Zerouali,"Ma carte est bloquée, que dois-je faire ?",Opposition carte
Reda Boukhriss,"Ma carte est bloquée, que dois-je faire ?",Demande de relevé
Ibrahim Elmansouri,"Ma carte est bloquée, que dois-je faire ?",Rendez-vous en agence
Abdelhak Elidrissi,"Bonjour, je veux connaître le solde de mon compte.",Rendez-vous en agence
Mohamed Zerouali,"Bonjour, je veux connaître le solde de mon compte.",Mot de passe oublié
Yassine Lahlou,"Ma carte est bloquée, que dois-je faire ?",Opposition carte
Hassan Elalami,"Ma carte est bloquée, que dois-je faire ?",Mot de passe oublié
Zineb Naciri,"Bonjour, je veux connaître le solde de mon compte.",Demande de relevé
Rachid Hariri,"J'ai perdu mon téléphone, est-ce que je peux désactiver l'application mobile ?",Rendez-vous en agence
Karim Amrani,"Ma carte est bloquée, que dois-je faire ?",Mot de passe oublié
Saad Lahlou,Comment puis-je obtenir un relevé de compte ?,Opposition carte
Houda Jebari,"Bonjour, je veux connaître le solde de mon compte.",Vérification de solde
Abdelhak Jebari,"J'ai perdu mon téléphone, est-ce que je peux désactiver l'application mobile ?",Demande de relevé
Mouna Jebari,"Ma carte est bloquée, que dois-je faire ?",Rendez-vous en agence
Abdelaziz Elmansouri,"Bonjour, je veux connaître le solde de mon compte.",Opposition carte
Mehdi Jebari,"Ma carte est bloquée, que dois-je faire ?",Rendez-vous en agence
Siham Zahiri,"Bonjour, je veux connaître le solde de mon compte.",Vérification de solde
Houda Rguig,"J'ai perdu mon téléphone, est-ce que je peux désactiver l'application mobile ?",Demande de relevé
Rim Fassi,"Ma carte est bloquée, que dois-je faire ?",Opposition carte
Omar Alaoui,"Ma carte est bloquée, que dois-je faire ?",Rendez-vous en agence
Abdelhak Bakkali,"Ma carte est bloquée, que dois-je faire ?",Demande de relevé
Imane Chakiri,"Bonjour, je veux connaître le solde de mon compte.",Demande de relevé
Adil Sekkat,"Ma carte est bloquée, que dois-je faire ?",Vérification de solde
Yassine Lahlou,Comment puis-je obtenir un relevé de compte ?,Vérification de solde
Karim Moutawakil,"Ma carte est bloquée, que dois-je faire ?",Vérification de solde
Adil Moutawakil,"Ma carte est bloquée, que dois-je faire ?",Demande de relevé
Salma Elalami,"Bonjour, je veux connaître le solde de mon compte.",Opposition carte
Samira Fadili,Comment puis-je obtenir un relevé de compte ?,Rendez-vous en agence
Ibrahim Chakiri,"J'ai perdu mon téléphone, est-ce que je peux désactiver l'application mobile ?",Opposition carte
Youssef Chraibi,"Bonjour, je veux connaître le solde de mon compte.",Mot de passe oublié
Hiba Sekkat,"Bonjour, je veux connaître le solde de mon compte.",Vérification de solde
Zineb Bakkali,Comment puis-je obtenir un relevé de compte ?,Opposition carte
Mouna Chraibi,"Bonjour, je veux connaître le solde de mon compte.",Opposition carte
Othmane Hariri,"J'ai perdu mon téléphone, est-ce que je peux désactiver l'application mobile ?",Demande de relevé
Mehdi Jebari,Comment puis-je obtenir un relevé de compte ?,Rendez-vous en agence
Ibrahim Bensaid,"Ma carte est bloquée, que dois-je faire ?",Vérification de solde
Ikram Bensaid,"Ma carte est bloquée, que dois-je faire ?",Vérification de solde
Zineb Fadili,"Ma carte est bloquée, que dois-je faire ?",Vérification de solde
Abdelhak Ouzzani,Comment puis-je obtenir un relevé de compte ?,Vérification de solde
Karim Elkhatib,"Ma carte est bloquée, que dois-je faire ?",Mot de passe oublié
Soukaina Elidrissi,"Bonjour, je veux connaître le solde de mon compte.",Vérification de solde
Malak Bennani,"Ma carte est bloquée, que dois-je faire ?",Opposition carte
Rachid Alaoui,"J'ai perdu mon téléphone, est-ce que je peux désactiver l'application mobile ?",Rendez-vous en agence
Reda Elalami,"J'ai perdu mon téléphone, est-ce que je peux désactiver l'application mobile ?",Vérification de solde
Saad Alaoui,"Ma carte est bloquée, que dois-je faire ?",Demande de relevé
Youssef Zahiri,"Bonjour, je veux connaître le solde de mon compte.",Demande de relevé
Yassine Touil,"Bonjour, je veux connaître le solde de mon compte.",Rendez-vous en agence
Samira Touil,"Bonjour, je veux connaître le solde de mon compte.",Vérification de solde
Reda Naciri,"Ma carte est bloquée, que dois-je faire ?",Vérification de solde
Omar Fassi,Comment puis-je obtenir un relevé de compte ?,Vérification de solde
Saad Chakiri,"Ma carte est bloquée, que dois-je faire ?",Demande de relevé
Bouchra Hariri,"Ma carte est bloquée, que dois-je faire ?",Vérification de solde
Khadija Moutawakil,"Ma carte est bloquée, que dois-je faire ?",Demande de relevé
Rachid Baroudi,"J'ai perdu mon téléphone, est-ce que je peux désactiver l'application mobile ?",Vérification de solde
Tarik Zerouali,"J'ai perdu mon téléphone, est-ce que je peux désactiver l'application mobile ?",Opposition carte
Ilham Tahiri,Comment puis-je obtenir un relevé de compte ?,Rendez-vous en agence
Omar Rguig,Comment puis-je obtenir un relevé de compte ?,Demande de relevé
Laila Zahiri,"J'ai perdu mon téléphone, est-ce que je peux désactiver l'application mobile ?",Opposition carte
Abdelhak Ouzzani,"Bonjour, je veux connaître le solde de mon compte.",Rendez-vous en agence
Mehdi Amrani,"Ma carte est bloquée, que dois-je faire ?",Rendez-vous en agence
Laila Zahiri,"Ma carte est bloquée, que dois-je faire ?",Rendez-vous en agence
Anass Naciri,"Ma carte est bloquée, que dois-je faire ?",Rendez-vous en agence
Rim Lahlou,"Ma carte est bloquée, que dois-je faire ?",Rendez-vous en agence
Zakaria Ouzzani,Comment puis-je obtenir un relevé de compte ?,Vérification de solde
Reda Naciri,"J'ai perdu mon téléphone, est-ce que je peux désactiver l'application mobile ?",Opposition carte
Rachid Elkhatib,Comment puis-je obtenir un relevé de compte ?,Vérification de solde
Mouna Elmansouri,"Bonjour, je veux connaître le solde de mon compte.",Opposition carte
Ibrahim Bensaid,"Bonjour, je veux connaître le solde de mon compte.",Vérification de solde
Nadia Maaroufi,"Bonjour, je veux connaître le solde de mon compte.",Vérification de solde
Soukaina Fassi,"J'ai perdu mon téléphone, est-ce que je peux désactiver l'application mobile ?",Opposition carte
Rim Lahlou,"Bonjour, je veux connaître le solde de mon compte.",Vérification de solde
Mouna Alaoui,"Bonjour, je veux connaître le solde de mon compte.",Vérification de solde
Karim Alaoui,Comment puis-je obtenir un relevé de compte ?,Mot de passe oublié
Ilham Fadili,"Bonjour, je veux connaître le solde de mon compte.",Vérification de solde
Karim Moutawakil,Comment puis-je obtenir un relevé de compte ?,Rendez-vous en agence
Zineb Hariri,"Ma carte est bloquée, que dois-je faire ?",Rendez-vous en agence
Rayan Bennani,"Bonjour, je veux connaître le solde de mon compte.",Vérification de solde
Rachid Elkhatib,"J'ai perdu mon téléphone, est-ce que je peux désactiver l'application mobile ?",Rendez-vous en agence
Siham Touil,Comment puis-je obtenir un relevé de compte ?,Vérification de solde
Rim Chouaib,"Bonjour, je veux connaître le solde de mon compte.",Vérification de solde
Laila Zerouali,"Bonjour, je veux connaître le solde de mon compte.",Mot de passe oublié
Abdelhak Tahiri,"Ma carte est bloquée, que dois-je faire ?",Demande de relevé
Rayan Fadili,"J'ai perdu mon téléphone, est-ce que je peux désactiver l'application mobile ?",Mot de passe oublié
Nadia Baroudi,"J'ai perdu mon téléphone, est-ce que je peux désactiver l'application mobile ?",Vérification de solde
Adil Chraibi,"Ma carte est bloquée, que dois-je faire ?",Demande de relevé
Mohamed Bennani,Comment puis-je obtenir un relevé de compte ?,Vérification de solde
Zineb Bensaid,Comment puis-je obtenir un relevé de compte ?,Vérification de solde
Rayan Bennani,"Ma carte est bloquée, que dois-je faire ?",Rendez-vous en agence
Ilham Elidrissi,"Ma carte est bloquée, que dois-je faire ?",Opposition carte
Nadia Chraibi,Comment puis-je obtenir un relevé de compte ?,Mot de passe oublié
Ikram Bennis,"Bonjour, je veux connaître le solde de mon compte.",Vérification de solde
Siham Chouaib,"J'ai perdu mon téléphone, est-ce que je peux désactiver l'application mobile ?",Opposition carte
Karim Jebari,"Ma carte est bloquée, que dois-je faire ?",Demande de relevé
Malak Bennis,Comment puis-je obtenir un relevé de compte ?,Vérification de solde
Ikram Bennani,"J'ai perdu mon téléphone, est-ce que je peux désactiver l'application mobile ?",Mot de passe oublié
Adil Bakkali,"Bonjour, je veux connaître le solde de mon compte.",Mot de passe oublié
Zineb Chraibi,"J'ai perdu mon téléphone, est-ce que je peux désactiver l'application mobile ?",Mot de passe oublié
Siham Touil,Comment puis-je obtenir un relevé de compte ?,Vérification de solde
Nour Bensaid,"Ma carte est bloquée, que dois-je faire ?",Rendez-vous en agence
Mehdi Amrani,"J'ai perdu mon téléphone, est-ce que je peux désactiver l'application mobile ?",Vérification de solde
Othmane Baroudi,"J'ai perdu mon téléphone, est-ce que je peux désactiver l'application mobile ?",Vérification de solde
Salma Moutawakil,"Ma carte est bloquée, que dois-je faire ?",Mot de passe oublié
Mohamed Moutawakil,"Ma carte est bloquée, que dois-je faire ?",Mot de passe oublié
Imane Elmansouri,"Bonjour, je veux connaître le solde de mon compte.",Opposition carte
Saad Rguig,"Ma carte est bloquée, que dois-je faire ?",Rendez-vous en agence
Tarik Bennani,"Ma carte est bloquée, que dois-je faire ?",Vérification de solde
Rayan Hariri,Comment puis-je obtenir un relevé de compte ?,Rendez-vous en agence
Imane Elmansouri,"Ma carte est bloquée, que dois-je faire ?",Mot de passe oublié
Samira Bakkali,"Ma carte est bloquée, que dois-je faire ?",Opposition carte
Ibrahim Elmansouri,"Bonjour, je veux connaître le solde de mon compte.",Mot de passe oublié
Yassine Touil,"J'ai perdu mon téléphone, est-ce que je peux désactiver l'application mobile ?",Mot de passe oublié
Samira Fadili,"Bonjour, je veux connaître le solde de mon compte.",Mot de passe oublié
Ayoub Boukhriss,"Bonjour, je veux connaître le solde de mon compte.",Demande de relevé
Nour Chraibi,"J'ai perdu mon téléphone, est-ce que je peux désactiver l'application mobile ?",Opposition carte
Karim Chakiri,Comment puis-je obtenir un relevé de compte ?,Rendez-vous en agence
Adil Chraibi,"Bonjour, je veux connaître le solde de mon compte.",Demande de relevé
Adil Naciri,"Bonjour, je veux connaître le solde de mon compte.",Demande de relevé
Hassan Fadili,"Ma carte est bloquée, que dois-je faire ?",Rendez-vous en agence
Soukaina Zerouali,"Ma carte est bloquée, que dois-je faire ?",Rendez-vous en agence
Tarik Bennani,"J'ai perdu mon téléphone, est-ce que je peux désactiver l'application mobile ?",Demande de relevé
Siham Chouaib,Comment puis-je obtenir un relevé de compte ?,Demande de relevé
Omar Bensaid,"Bonjour, je veux connaître le solde de mon compte.",Opposition carte
Ilham Zahiri,"Bonjour, je veux connaître le solde de mon compte.",Opposition carte
Rim Naciri,Comment puis-je obtenir un relevé de compte ?,Vérification de solde
Othmane Bennis,"Bonjour, je veux connaître le solde de mon compte.",Rendez-vous en agence
Ayoub Zerouali,"Ma carte est bloquée, que dois-je faire ?",Mot de passe oublié
Youssef Zerouali,"Bonjour, je veux connaître le solde de mon compte.",Rendez-vous en agence
Houda Chakiri,"J'ai perdu mon téléphone, est-ce que je peux désactiver l'application mobile ?",Mot de passe oublié
Salma Chraibi,"Bonjour, je veux connaître le solde de mon compte.",Vérification de solde
Soukaina Naciri,Comment puis-je obtenir un relevé de compte ?,Demande de relevé
Anass Baroudi,"Ma carte est bloquée, que dois-je faire ?",Rendez-vous en agence
Ibrahim Maaroufi,"Bonjour, je veux connaître le solde de mon compte.",Demande de relevé
Khadija Elkhatib,"Bonjour, je veux connaître le solde de mon compte.",Opposition carte
Bouchra Chakiri,"Ma carte est bloquée, que dois-je faire ?",Mot de passe oublié
Ibrahim Elmansouri,"J'ai perdu mon téléphone, est-ce que je peux désactiver l'application mobile ?",Vérification de solde
Nour Chraibi,"Ma carte est bloquée, que dois-je faire ?",Mot de passe oublié
Malak Elmansouri,"Ma carte est bloquée, que dois-je faire ?",Rendez-vous en agence
Amina Amrani,Comment puis-je obtenir un relevé de compte ?,Vérification de solde
Houda Bennani,"Ma carte est bloquée, que dois-je faire ?",Rendez-vous en agence
Ilham Hariri,Comment puis-je obtenir un relevé de compte ?,Mot de passe oublié
Mouna Bakkali,"Ma carte est bloquée, que dois-je faire ?",Vérification de solde
Imane Elmansouri,Comment puis-je obtenir un relevé de compte ?,Demande de relevé
Ikram Bensaid,"Bonjour, je veux connaître le solde de mon compte.",Rendez-vous en agence
Saad Hariri,"Ma carte est bloquée, que dois-je faire ?",Mot de passe oublié
Abdelhak Bakkali,"J'ai perdu mon téléphone, est-ce que je peux désactiver l'application mobile ?",Opposition carte
Karim Boukhriss,"Ma carte est bloquée, que dois-je faire ?",Vérification de solde
Houda Rguig,"J'ai perdu mon téléphone, est-ce que je peux désactiver l'application mobile ?",Vérification de solde
Rim Baroudi,"J'ai perdu mon téléphone, est-ce que je peux désactiver l'application mobile ?",Rendez-vous en agence
Zineb Bakkali,Comment puis-je obtenir un relevé de compte ?,Opposition carte
Reda Moutawakil,Comment puis-je obtenir un relevé de compte ?,Mot de passe oublié
Samira Bakkali,"Ma carte est bloquée, que dois-je faire ?",Demande de relevé
Tarik Bakkali,"Ma carte est bloquée, que dois-je faire ?",Demande de relevé
Rachid Maaroufi,"Bonjour, je veux connaître le solde de mon compte.",Vérification de solde
Khadija Naciri,"Bonjour, je veux connaître le solde de mon compte.",Demande de relevé
Reda Elkhatib,Comment puis-je obtenir un relevé de compte ?,Vérification de solde
Siham Elkhatib,"Bonjour, je veux connaître le solde de mon compte.",Demande de relevé
Amina Boukhriss,"Bonjour, je veux connaître le solde de mon compte.",Mot de passe oublié
Othmane Baroudi,"Ma carte est bloquée, que dois-je faire ?",Opposition carte
Siham Elmansouri,"Ma carte est bloquée, que dois-je faire ?",Opposition carte
Adil Lahlou,"Ma carte est bloquée, que dois-je faire ?",Mot de passe oublié
Othmane Bennis,Comment puis-je obtenir un relevé de compte ?,Demande de relevé
Imane Elmansouri,"Bonjour, je veux connaître le solde de mon compte.",Mot de passe oublié
Salma Naciri,Comment puis-je obtenir un relevé de compte ?,Mot de passe oublié
Ibrahim Baroudi,"Ma carte est bloquée, que dois-je faire ?",Vérification de solde
Hassan Elalami,"J'ai perdu mon téléphone, est-ce que je peux désactiver l'application mobile ?",Rendez-vous en agence
Nadia Chraibi,Comment puis-je obtenir un relevé de compte ?,Vérification de solde
Mouna Chraibi,"Ma carte est bloquée, que dois-je faire ?",Opposition carte
Zakaria Tahiri,"J'ai perdu mon téléphone, est-ce que je peux désactiver l'application mobile ?",Rendez-vous en agence
Rim Elidrissi,"Bonjour, je veux connaître le solde de mon compte.",Mot de passe oublié
Ikram Chakiri,"J'ai perdu mon téléphone, est-ce que je peux désactiver l'application mobile ?",Opposition carte
Imane Amrani,"Ma carte est bloquée, que dois-je faire ?",Rendez-vous en agence
Karim Moutawakil,"Ma carte est bloquée, que dois-je faire ?",Vérification de solde
Mouna Elmansouri,Comment puis-je obtenir un relevé de compte ?,Opposition carte
Saad Bakkali,"Ma carte est bloquée, que dois-je faire ?",Vérification de solde
Anass Elmansouri,"Ma carte est bloquée, que dois-je faire ?",Opposition carte
Tarik Chakiri,"Bonjour, je veux connaître le solde de mon compte.",Opposition carte
Malak Rguig,"Ma carte est bloquée, que dois-je faire ?",Rendez-vous en agence
Hassan Touil,Comment puis-je obtenir un relevé de compte ?,Opposition carte
Ayoub Lahlou,"Bonjour, je veux connaître le solde de mon compte.",Mot de passe oublié
Youssef Zerouali,"J'ai perdu mon téléphone, est-ce que je peux désactiver l'application mobile ?",Mot de passe oublié
Bouchra Rguig,"J'ai perdu mon téléphone, est-ce que je peux désactiver l'application mobile ?",Rendez-vous en agence
Zineb Hariri,"J'ai perdu mon téléphone, est-ce que je peux désactiver l'application mobile ?",Vérification de solde
Malak Rguig,"Ma carte est bloquée, que dois-je faire ?",Opposition carte
Malak Chouaib,"Bonjour, je veux connaître le solde de mon compte.",Mot de passe oublié
Othmane Hariri,Comment puis-je obtenir un relevé de compte ?,Mot de passe oublié
Laila Zerouali,"J'ai perdu mon téléphone, est-ce que je peux désactiver l'application mobile ?",Rendez-vous en agence
Ayoub Baroudi,"Bonjour, je veux connaître le solde de mon compte.",Mot de passe oublié
Saad Hariri,"Ma carte est bloquée, que dois-je faire ?",Mot de passe oublié
Bouchra Elidrissi,"Bonjour, je veux connaître le solde de mon compte.",Mot de passe oublié
Omar Rguig,"Ma carte est bloquée, que dois-je faire ?",Vérification de solde
Rachid Maaroufi,"Ma carte est bloquée, que dois-je faire ?",Vérification de solde
Reda Maaroufi,"Bonjour, je veux connaître le solde de mon compte.",Vérification de solde
Zineb Bakkali,"J'ai perdu mon téléphone, est-ce que je peux désactiver l'application mobile ?",Vérification de solde
Ikram Bennani,"Ma carte est bloquée, que dois-je faire ?",Vérification de solde
Abdelaziz Boukhriss,Comment puis-je obtenir un relevé de compte ?,Demande de relevé
Malak Chouaib,"Bonjour, je veux connaître le solde de mon compte.",Vérification de solde
Ibrahim Bensaid,Comment puis-je obtenir un relevé de compte ?,Demande de relevé
Bouchra Moutawakil,"Bonjour, je veux connaître le solde de mon compte.",Vérification de solde
Adil Lahlou,"Bonjour, je veux connaître le solde de mon compte.",Demande de relevé
Houda Maaroufi,"J'ai perdu mon téléphone, est-ce que je peux désactiver l'application mobile ?",Mot de passe oublié
Mouna Ouzzani,Comment puis-je obtenir un relevé de compte ?,Opposition carte
Malak Amrani,"Ma carte est bloquée, que dois-je faire ?",Rendez-vous en agence
Amina Zahiri,"J'ai perdu mon téléphone, est-ce que je peux désactiver l'application mobile ?",Demande de relevé
Anass Chraibi,Comment puis-je obtenir un relevé de compte ?,Vérification de solde
Samira Touil,Comment puis-je obtenir un relevé de compte ?,Opposition carte
Samira Bakkali,"Bonjour, je veux connaître le solde de mon compte.",Opposition carte
Rachid Baroudi,Comment puis-je obtenir un relevé de compte ?,Demande de relevé
Zineb Hariri,"Ma carte est bloquée, que dois-je faire ?",Opposition carte
Omar Bensaid,"J'ai perdu mon téléphone, est-ce que je peux désactiver l'application mobile ?",Mot de passe oublié
Rachid Fassi,"J'ai perdu mon téléphone, est-ce que je peux désactiver l'application mobile ?",Rendez-vous en agence
Mouna Hariri,"Bonjour, je veux connaître le solde de mon compte.",Mot de passe oublié
Othmane Baroudi,"Bonjour, je veux connaître le solde de mon compte.",Rendez-vous en agence
Karim Elidrissi,"Bonjour, je veux connaître le solde de mon compte.",Demande de relevé
Imane Amrani,"Ma carte est bloquée, que dois-je faire ?",Mot de passe oublié
Ibrahim Maaroufi,"Bonjour, je veux connaître le solde de mon compte.",Rendez-vous en agence
Houda Zerouali,"J'ai perdu mon téléphone, est-ce que je peux désactiver l'application mobile ?",Mot de passe oublié
Omar Zahiri,"J'ai perdu mon téléphone, est-ce que je peux désactiver l'application mobile ?",Vérification de solde
Nour Boukhriss,"J'ai perdu mon téléphone, est-ce que je peux désactiver l'application mobile ?",Demande de relevé
Omar Zahiri,"Ma carte est bloquée, que dois-je faire ?",Rendez-vous en agence
Hassan Elkhatib,"J'ai perdu mon téléphone, est-ce que je peux désactiver l'application mobile ?",Vérification de solde
Imane Baroudi,Comment puis-je obtenir un relevé de compte ?,Vérification de solde
Laila Fadili,"J'ai perdu mon téléphone, est-ce que je peux désactiver l'application mobile ?",Vérification de solde
Reda Chouaib,Comment puis-je obtenir un relevé de compte ?,Rendez-vous en agence
Mohamed Bennani,"Bonjour, je veux connaître le solde de mon compte.",Demande de relevé
Reda Chouaib,"J'ai perdu mon téléphone, est-ce que je peux désactiver l'application mobile ?",Mot de passe oublié
Mehdi Jebari,"Ma carte est bloquée, que dois-je faire ?",Vérification de solde
Imane Zerouali,"Bonjour, je veux connaître le solde de mon compte.",Demande de relevé
Ikram Chakiri,"J'ai perdu mon téléphone, est-ce que je peux désactiver l'application mobile ?",Opposition carte
Mohamed Naciri,"Ma carte est bloquée, que dois-je faire ?",Rendez-vous en agence
Bouchra Touil,"J'ai perdu mon téléphone, est-ce que je peux désactiver l'application mobile ?",Vérification de solde
Othmane Bakkali,"Ma carte est bloquée, que dois-je faire ?",Vérification de solde
Laila Chraibi,Comment puis-je obtenir un relevé de compte ?,Demande de relevé
Salma Chraibi,"Ma carte est bloquée, que dois-je faire ?",Opposition carte
Nadia Baroudi,Comment puis-je obtenir un relevé de compte ?,Rendez-vous en agence
Hiba Boukhriss,"Ma carte est bloquée, que dois-je faire ?",Vérification de solde
Hiba Jebari,"Ma carte est bloquée, que dois-je faire ?",Demande de relevé
Laila Zerouali,Comment puis-je obtenir un relevé de compte ?,Mot de passe oublié
Abdelhak Ouzzani,"Ma carte est bloquée, que dois-je faire ?",Opposition carte
Houda Rguig,"Bonjour, je veux connaître le solde de mon compte.",Mot de passe oublié
Mouna Chraibi,"J'ai perdu mon téléphone, est-ce que je peux désactiver l'application mobile ?",Mot de passe oublié
Saad Rguig,"J'ai perdu mon téléphone, est-ce que je peux désactiver l'application mobile ?",Demande de relevé
Tarik Sekkat,Comment puis-je obtenir un relevé de compte ?,Vérification de solde
Reda Naciri,"Bonjour, je veux connaître le solde de mon compte.",Opposition carte
Rim Bensaid,"Bonjour, je veux connaître le solde de mon compte.",Demande de relevé
Ikram Zerouali,"Ma carte est bloquée, que dois-je faire ?",Mot de passe oublié
Zakaria Fadili,Comment puis-je obtenir un relevé de compte ?,Mot de passe oublié
Rachid Fassi,"Ma carte est bloquée, que dois-je faire ?",Vérification de solde
Rayan Chakiri,"J'ai perdu mon téléphone, est-ce que je peux désactiver l'application mobile ?",Opposition carte
Hiba Elalami,"J'ai perdu mon téléphone, est-ce que je peux désactiver l'application mobile ?",Vérification de solde
Laila Elalami,Comment puis-je obtenir un relevé de compte ?,Mot de passe oublié
Zakaria Rguig,"Bonjour, je veux connaître le solde de mon compte.",Opposition carte
Ibrahim Zerouali,"Bonjour, je veux connaître le solde de mon compte.",Opposition carte
Mohamed Elidrissi,"Ma carte est bloquée, que dois-je faire ?",Vérification de solde
Hiba Jebari,"J'ai perdu mon téléphone, est-ce que je peux désactiver l'application mobile ?",Demande de relevé
Abdelhak Amrani,"Bonjour, je veux connaître le solde de mon compte.",Rendez-vous en agence
Salma Moutawakil,Comment puis-je obtenir un relevé de compte ?,Mot de passe oublié
Hiba Chraibi,"J'ai perdu mon téléphone, est-ce que je peux désactiver l'application mobile ?",Rendez-vous en agence
Nadia Chraibi,"J'ai perdu mon téléphone, est-ce que je peux désactiver l'application mobile ?",Rendez-vous en agence
Siham Moutawakil,"J'ai perdu mon téléphone, est-ce que je peux désactiver l'application mobile ?",Opposition carte
Karim Boukhriss,"Bonjour, je veux connaître le solde de mon compte.",Opposition carte
Rim Elidrissi,"Bonjour, je veux connaître le solde de mon compte.",Mot de passe oublié
Omar Lahlou,Comment puis-je obtenir un relevé de compte ?,Vérification de solde
Othmane Sekkat,"Ma carte est bloquée, que dois-je faire ?",Opposition carte
Saad Chraibi,"Ma carte est bloquée, que dois-je faire ?",Vérification de solde
Reda Moutawakil,"J'ai perdu mon téléphone, est-ce que je peux désactiver l'application mobile ?",Demande de relevé
Omar Bensaid,"Ma carte est bloquée, que dois-je faire ?",Rendez-vous en agence
Mohamed Elidrissi,"J'ai perdu mon téléphone, est-ce que je peux désactiver l'application mobile ?",Opposition carte
Rayan Hariri,"J'ai perdu mon téléphone, est-ce que je peux désactiver l'application mobile ?",Mot de passe oublié
Nour Bennis,"J'ai perdu mon téléphone, est-ce que je peux désactiver l'application mobile ?",Rendez-vous en agence
Imane Fassi,Comment puis-je obtenir un relevé de compte ?,Opposition carte
Rachid Elkhatib,"Bonjour, je veux connaître le solde de mon compte.",Mot de passe oublié
Rachid Naciri,"Ma carte est bloquée, que dois-je faire ?",Mot de passe oublié
Rim Lahlou,"Ma carte est bloquée, que dois-je faire ?",Vérification de solde
Ibrahim Maaroufi,"J'ai perdu mon téléphone, est-ce que je peux désactiver l'application mobile ?",Opposition carte
Ibrahim Elmansouri,"J'ai perdu mon téléphone, est-ce que je peux désactiver l'application mobile ?",Opposition carte
Othmane Elidrissi,"J'ai perdu mon téléphone, est-ce que je peux désactiver l'application mobile ?",Demande de relevé
Amina Baroudi,"Ma carte est bloquée, que dois-je faire ?",Vérification de solde
Nour Baroudi,Comment puis-je obtenir un relevé de compte ?,Demande de relevé
Adil Fadili,Comment puis-je obtenir un relevé de compte ?,Vérification de solde
Adil Fadili,"Ma carte est bloquée, que dois-je faire ?",Mot de passe oublié
Mehdi Jebari,Comment puis-je obtenir un relevé de compte ?,Mot de passe oublié
Soukaina Chakiri,"Ma carte est bloquée, que dois-je faire ?",Vérification de solde
Reda Elkhatib,"J'ai perdu mon téléphone, est-ce que je peux désactiver l'application mobile ?",Demande de relevé
Abdelaziz Bennis,"Bonjour, je veux connaître le solde de mon compte.",Vérification de solde
Houda Maaroufi,"Bonjour, je veux connaître le solde de mon compte.",Mot de passe oublié
Omar Tahiri,"Bonjour, je veux connaître le solde de mon compte.",Rendez-vous en agence
Imane Chouaib,"Bonjour, je veux connaître le solde de mon compte.",Rendez-vous en agence
Ilham Elkhatib,"Ma carte est bloquée, que dois-je faire ?",Mot de passe oublié
Reda Zerouali,Comment puis-je obtenir un relevé de compte ?,Demande de relevé
Othmane Elidrissi,"Bonjour, je veux connaître le solde de mon compte.",Demande de relevé
Amina Boukhriss,Comment puis-je obtenir un relevé de compte ?,Mot de passe oublié
Adil Elmansouri,"J'ai perdu mon téléphone, est-ce que je peux désactiver l'application mobile ?",Mot de passe oublié
Houda Elidrissi,"J'ai perdu mon téléphone, est-ce que je peux désactiver l'application mobile ?",Vérification de solde
Karim Chakiri,"Bonjour, je veux connaître le solde de mon compte.",Opposition carte
Abdelhak Elmansouri,"Bonjour, je veux connaître le solde de mon compte.",Opposition carte
Imane Rguig,"Ma carte est bloquée, que dois-je faire ?",Demande de relevé
Othmane Baroudi,"Bonjour, je veux connaître le solde de mon compte.",Vérification de solde
Samira Touil,"J'ai perdu mon téléphone, est-ce que je peux désactiver l'application mobile ?",Opposition carte
Salma Elmansouri,"Bonjour, je veux connaître le solde de mon compte.",Vérification de solde
Reda Chouaib,"Ma carte est bloquée, que dois-je faire ?",Opposition carte
Ilham Zahiri,"Ma carte est bloquée, que dois-je faire ?",Vérification de solde
Amina Elmansouri,"Bonjour, je veux connaître le solde de mon compte.",Demande de relevé
Nour Ouzzani,"J'ai perdu mon téléphone, est-ce que je peux désactiver l'application mobile ?",Vérification de solde
Siham Touil,"Bonjour, je veux connaître le solde de mon compte.",Mot de passe oublié
Karim Alaoui,"J'ai perdu mon téléphone, est-ce que je peux désactiver l'application mobile ?",Demande de relevé
Imane Baroudi,"J'ai perdu mon téléphone, est-ce que je peux désactiver l'application mobile ?",Vérification de solde
Mohamed Bensaid,"Ma carte est bloquée, que dois-je faire ?",Vérification de solde
Ilham Baroudi,"Bonjour, je veux connaître le solde de mon compte.",Mot de passe oublié
Anass Naciri,Comment puis-je obtenir un relevé de compte ?,Opposition carte
Hassan Ouzzani,"Bonjour, je veux connaître le solde de mon compte.",Rendez-vous en agence
Saad Rguig,Comment puis-je obtenir un relevé de compte ?,Rendez-vous en agence
Ayoub Zerouali,Comment puis-je obtenir un relevé de compte ?,Mot de passe oublié
Imane Bennis,Comment puis-je obtenir un relevé de compte ?,Demande de relevé
Khadija Chraibi,"Bonjour, je veux connaître le solde de mon compte.",Rendez-vous en agence
Reda Jebari,"Bonjour, je veux connaître le solde de mon compte.",Opposition carte
Zakaria Ouzzani,"Ma carte est bloquée, que dois-je faire ?",Opposition carte
Zakaria Amrani,"J'ai perdu mon téléphone, est-ce que je peux désactiver l'application mobile ?",Demande de relevé
Yassine Touil,Comment puis-je obtenir un relevé de compte ?,Vérification de solde
Ibrahim Maaroufi,"Ma carte est bloquée, que dois-je faire ?",Rendez-vous en agence
Rim Tahiri,Comment puis-je obtenir un relevé de compte ?,Rendez-vous en agence
Othmane Hariri,Comment puis-je obtenir un relevé de compte ?,Demande de relevé
Omar Bakkali,"Ma carte est bloquée, que dois-je faire ?",Vérification de solde
Zineb Chouaib,"Ma carte est bloquée, que dois-je faire ?",Rendez-vous en agence
Othmane Rguig,Comment puis-je obtenir un relevé de compte ?,Demande de relevé
Bouchra Fadili,"Bonjour, je veux connaître le solde de mon compte.",Vérification de solde
Abdelaziz Fadili,"Ma carte est bloquée, que dois-je faire ?",Vérification de solde
Soukaina Touil,"Bonjour, je veux connaître le solde de mon compte.",Mot de passe oublié
Laila Fadili,"Bonjour, je veux connaître le solde de mon compte.",Rendez-vous en agence
Hassan Touil,"Bonjour, je veux connaître le solde de mon compte.",Mot de passe oublié
Tarik Chraibi,"Ma carte est bloquée, que dois-je faire ?",Opposition carte
Ilham Fadili,"J'ai perdu mon téléphone, est-ce que je peux désactiver l'application mobile ?",Rendez-vous en agence
Mehdi Zerouali,Comment puis-je obtenir un relevé de compte ?,Mot de passe oublié
Malak Elidrissi,Comment puis-je obtenir un relevé de compte ?,Demande de relevé
Saad Rguig,Comment puis-je obtenir un relevé de compte ?,Mot de passe oublié
Amina Elmansouri,"Ma carte est bloquée, que dois-je faire ?",Demande de relevé
Othmane Tahiri,Comment puis-je obtenir un relevé de compte ?,Mot de passe oublié
Adil Boukhriss,"J'ai perdu mon téléphone, est-ce que je peux désactiver l'application mobile ?",Vérification de solde
Zineb Bennis,"Bonjour, je veux connaître le solde de mon compte.",Opposition carte
Imane Chakiri,Comment puis-je obtenir un relevé de compte ?,Rendez-vous en agence
Rim Lahlou,"Bonjour, je veux connaître le solde de mon compte.",Demande de relevé
Adil Moutawakil,"J'ai perdu mon téléphone, est-ce que je peux désactiver l'application mobile ?",Mot de passe oublié
Ikram Bennis,Comment puis-je obtenir un relevé de compte ?,Mot de passe oublié
Zineb Chraibi,Comment puis-je obtenir un relevé de compte ?,Opposition carte
Ilham Hariri,Comment puis-je obtenir un relevé de compte ?,Rendez-vous en agence
Mohamed Moutawakil,"Ma carte est bloquée, que dois-je faire ?",Opposition carte
Khadija Amrani,"Bonjour, je veux connaître le solde de mon compte.",Rendez-vous en agence
Karim Boukhriss,Comment puis-je obtenir un relevé de compte ?,Rendez-vous en agence
Nadia Maaroufi,"J'ai perdu mon téléphone, est-ce que je peux désactiver l'application mobile ?",Rendez-vous en agence
Samira Elidrissi,"Ma carte est bloquée, que dois-je faire ?",Mot de passe oublié
Laila Zerouali,"J'ai perdu mon téléphone, est-ce que je peux désactiver l'application mobile ?",Demande de relevé
Abdelhak Tahiri,"J'ai perdu mon téléphone, est-ce que je peux désactiver l'application mobile ?",Mot de passe oublié
Samira Elidrissi,"J'ai perdu mon téléphone, est-ce que je peux désactiver l'application mobile ?",Vérification de solde
Hassan Bennis,"Bonjour, je veux connaître le solde de mon compte.",Opposition carte
Laila Fadili,"J'ai perdu mon téléphone, est-ce que je peux désactiver l'application mobile ?",Vérification de solde
Rim Chouaib,"Bonjour, je veux connaître le solde de mon compte.",Mot de passe oublié
Mouna Bakkali,"J'ai perdu mon téléphone, est-ce que je peux désactiver l'application mobile ?",Rendez-vous en agence
Zineb Bakkali,"Bonjour, je veux connaître le solde de mon compte.",Opposition carte
Rayan Baroudi,"J'ai perdu mon téléphone, est-ce que je peux désactiver l'application mobile ?",Rendez-vous en agence
Mehdi Jebari,"Ma carte est bloquée, que dois-je faire ?",Rendez-vous en agence
Samira Ouzzani,"Bonjour, je veux connaître le solde de mon compte.",Opposition carte
Omar Fadili,"Bonjour, je veux connaître le solde de mon compte.",Mot de passe oublié
Reda Naciri,Comment puis-je obtenir un relevé de compte ?,Demande de relevé
Rachid Boukhriss,Comment puis-je obtenir un relevé de compte ?,Mot de passe oublié
Adil Chraibi,"Bonjour, je veux connaître le solde de mon compte.",Vérification de solde
Houda Jebari,"J'ai perdu mon téléphone, est-ce que je peux désactiver l'application mobile ?",Mot de passe oublié
Rim Baroudi,"J'ai perdu mon téléphone, est-ce que je peux désactiver l'application mobile ?",Mot de passe oublié
Tarik Chraibi,Comment puis-je obtenir un relevé de compte ?,Rendez-vous en agence
Omar Bensaid,Comment puis-je obtenir un relevé de compte ?,Vérification de solde
Malak Bennani,"Ma carte est bloquée, que dois-je faire ?",Demande de relevé
Tarik Elmansouri,"J'ai perdu mon téléphone, est-ce que je peux désactiver l'application mobile ?",Mot de passe oublié
Amina Elmansouri,"Ma carte est bloquée, que dois-je faire ?",Demande de relevé
Rayan Baroudi,"Ma carte est bloquée, que dois-je faire ?",Mot de passe oublié
Ibrahim Maaroufi,"J'ai perdu mon téléphone, est-ce que je peux désactiver l'application mobile ?",Opposition carte
Malak Amrani,"Bonjour, je veux connaître le solde de mon compte.",Opposition carte
Amina Elmansouri,"Bonjour, je veux connaître le solde de mon compte.",Opposition carte
Nadia Chraibi,Comment puis-je obtenir un relevé de compte ?,Mot de passe oublié
Zineb Bakkali,"Ma carte est bloquée, que dois-je faire ?",Mot de passe oublié
Karim Chakiri,"Bonjour, je veux connaître le solde de mon compte.",Opposition carte
Khadija Rguig,"J'ai perdu mon téléphone, est-ce que je peux désactiver l'application mobile ?",Vérification de solde
Mehdi Jebari,"Bonjour, je veux connaître le solde de mon compte.",Opposition carte
Tarik Zerouali,"Bonjour, je veux connaître le solde de mon compte.",Mot de passe oublié
Rim Hariri,Comment puis-je obtenir un relevé de compte ?,Demande de relevé
Ikram Chakiri,"Ma carte est bloquée, que dois-je faire ?",Mot de passe oublié
Yassine Fadili,"J'ai perdu mon téléphone, est-ce que je peux désactiver l'application mobile ?",Vérification de solde
Reda Alaoui,Comment puis-je obtenir un relevé de compte ?,Demande de relevé
Saad Chraibi,Comment puis-je obtenir un relevé de compte ?,Demande de relevé
Omar Fassi,"Bonjour, je veux connaître le solde de mon compte.",Demande de relevé
Omar Maaroufi,"Ma carte est bloquée, que dois-je faire ?",Opposition carte
Hiba Fassi,"Bonjour, je veux connaître le solde de mon compte.",Mot de passe oublié
Bouchra Elidrissi,Comment puis-je obtenir un relevé de compte ?,Demande de relevé
Ibrahim Chakiri,"J'ai perdu mon téléphone, est-ce que je peux désactiver l'application mobile ?",Demande de relevé
Othmane Bakkali,"J'ai perdu mon téléphone, est-ce que je peux désactiver l'application mobile ?",Demande de relevé
Adil Bakkali,"J'ai perdu mon téléphone, est-ce que je peux désactiver l'application mobile ?",Rendez-vous en agence
Zakaria Fadili,"Ma carte est bloquée, que dois-je faire ?",Rendez-vous en agence
Khadija Moutawakil,Comment puis-je obtenir un relevé de compte ?,Vérification de solde
Zakaria Fadili,"Ma carte est bloquée, que dois-je faire ?",Mot de passe oublié
Fatima Bennani,Comment puis-je obtenir un relevé de compte ?,Demande de relevé
Ayoub Elkhatib,"J'ai perdu mon téléphone, est-ce que je peux désactiver l'application mobile ?",Mot de passe oublié
Samira Fadili,"Ma carte est bloquée, que dois-je faire ?",Demande de relevé
Mouna Ouzzani,"Bonjour, je veux connaître le solde de mon compte.",Rendez-vous en agence
Bouchra Rguig,Comment puis-je obtenir un relevé de compte ?,Opposition carte
Ikram Rguig,Comment puis-je obtenir un relevé de compte ?,Opposition carte
Fatima Touil,Comment puis-je obtenir un relevé de compte ?,Opposition carte
Rayan Rguig,"Bonjour, je veux connaître le solde de mon compte.",Mot de passe oublié
Karim Elmansouri,"J'ai perdu mon téléphone, est-ce que je peux désactiver l'application mobile ?",Opposition carte
Saad Ouzzani,Comment puis-je obtenir un relevé de compte ?,Opposition carte
Saad Rguig,Comment puis-je obtenir un relevé de compte ?,Demande de relevé
Adil Bakkali,Comment puis-je obtenir un relevé de compte ?,Opposition carte
Mehdi Jebari,"Bonjour, je veux connaître le solde de mon compte.",Mot de passe oublié
Rayan Naciri,"Bonjour, je veux connaître le solde de mon compte.",Demande de relevé
Hassan Hariri,"J'ai perdu mon téléphone, est-ce que je peux désactiver l'application mobile ?",Rendez-vous en agence
Yassine Lahlou,"J'ai perdu mon téléphone, est-ce que je peux désactiver l'application mobile ?",Demande de relevé
Bouchra Moutawakil,"J'ai perdu mon téléphone, est-ce que je peux désactiver l'application mobile ?",Mot de passe oublié
Hassan Ouzzani,"Bonjour, je veux connaître le solde de mon compte.",Mot de passe oublié
Abdelhak Elmansouri,Comment puis-je obtenir un relevé de compte ?,Rendez-vous en agence
Zineb Fadili,"J'ai perdu mon téléphone, est-ce que je peux désactiver l'application mobile ?",Vérification de solde
Malak Amrani,"Bonjour, je veux connaître le solde de mon compte.",Vérification de solde
Omar Tahiri,"Bonjour, je veux connaître le solde de mon compte.",Demande de relevé
Malak Elmansouri,"J'ai perdu mon téléphone, est-ce que je peux désactiver l'application mobile ?",Opposition carte
Samira Elidrissi,"J'ai perdu mon téléphone, est-ce que je peux désactiver l'application mobile ?",Mot de passe oublié
Rim Chouaib,"Ma carte est bloquée, que dois-je faire ?",Opposition carte
Abdelaziz Elmansouri,"Ma carte est bloquée, que dois-je faire ?",Vérification de solde
Rayan Baroudi,Comment puis-je obtenir un relevé de compte ?,Vérification de solde
Adil Bakkali,"J'ai perdu mon téléphone, est-ce que je peux désactiver l'application mobile ?",Mot de passe oublié
Soukaina Chakiri,"Bonjour, je veux connaître le solde de mon compte.",Rendez-vous en agence
Siham Hariri,"J'ai perdu mon téléphone, est-ce que je peux désactiver l'application mobile ?",Vérification de solde
Tarik Zerouali,"J'ai perdu mon téléphone, est-ce que je peux désactiver l'application mobile ?",Rendez-vous en agence
Siham Elkhatib,"Ma carte est bloquée, que dois-je faire ?",Demande de relevé
Ikram Chakiri,Comment puis-je obtenir un relevé de compte ?,Demande de relevé
Tarik Alaoui,Comment puis-je obtenir un relevé de compte ?,Vérification de solde
Reda Elalami,"J'ai perdu mon téléphone, est-ce que je peux désactiver l'application mobile ?",Rendez-vous en agence
Mouna Chraibi,Comment puis-je obtenir un relevé de compte ?,Demande de relevé
Rachid Rguig,"J'ai perdu mon téléphone, est-ce que je peux désactiver l'application mobile ?",Demande de relevé
Rim Naciri,"J'ai perdu mon téléphone, est-ce que je peux désactiver l'application mobile ?",Rendez-vous en agence
Soukaina Elidrissi,Comment puis-je obtenir un relevé de compte ?,Vérification de solde
Houda Maaroufi,Comment puis-je obtenir un relevé de compte ?,Demande de relevé
Adil Moutawakil,Comment puis-je obtenir un relevé de compte ?,Opposition carte
Reda Elalami,"Ma carte est bloquée, que dois-je faire ?",Opposition carte
Khadija Chraibi,Comment puis-je obtenir un relevé de compte ?,Opposition carte
Adil Tahiri,"Bonjour, je veux connaître le solde de mon compte.",Opposition carte
Yassine Naciri,Comment puis-je obtenir un relevé de compte ?,Opposition carte
Samira Bennani,"J'ai perdu mon téléphone, est-ce que je peux désactiver l'application mobile ?",Rendez-vous en agence
Salma Bakkali,"Bonjour, je veux connaître le solde de mon compte.",Demande de relevé
Karim Chouaib,Comment puis-je obtenir un relevé de compte ?,Mot de passe oublié
Imane Alaoui,"J'ai perdu mon téléphone, est-ce que je peux désactiver l'application mobile ?",Opposition carte
Adil Chraibi,"J'ai perdu mon téléphone, est-ce que je peux désactiver l'application mobile ?",Rendez-vous en agence
Hiba Ouzzani,"J'ai perdu mon téléphone, est-ce que je peux désactiver l'application mobile ?",Opposition carte
Reda Zerouali,"J'ai perdu mon téléphone, est-ce que je peux désactiver l'application mobile ?",Opposition carte
Nour Naciri,Comment puis-je obtenir un relevé de compte ?,Mot de passe oublié
Mohamed Zerouali,"Bonjour, je veux connaître le solde de mon compte.",Vérification de solde
Hassan Ouzzani,"Ma carte est bloquée, que dois-je faire ?",Demande de relevé
Othmane Rguig,Comment puis-je obtenir un relevé de compte ?,Vérification de solde
Ibrahim Chakiri,"Bonjour, je veux connaître le solde de mon compte.",Mot de passe oublié
Ilham Elkhatib,"J'ai perdu mon téléphone, est-ce que je peux désactiver l'application mobile ?",Mot de passe oublié
Ikram Chakiri,"Bonjour, je veux connaître le solde de mon compte.",Vérification de solde
Bouchra Chakiri,"Bonjour, je veux connaître le solde de mon compte.",Mot de passe oublié
Ilham Zahiri,"J'ai perdu mon téléphone, est-ce que je peux désactiver l'application mobile ?",Demande de relevé
Mouna Alaoui,"Bonjour, je veux connaître le solde de mon compte.",Demande de relevé
Zakaria Amrani,"Bonjour, je veux connaître le solde de mon compte.",Mot de passe oublié
Salma Elalami,"Bonjour, je veux connaître le solde de mon compte.",Demande de relevé
Mouna Tahiri,"Ma carte est bloquée, que dois-je faire ?",Vérification de solde
Rim Tahiri,"J'ai perdu mon téléphone, est-ce que je peux désactiver l'application mobile ?",Mot de passe oublié
Zineb Bensaid,Comment puis-je obtenir un relevé de compte ?,Vérification de solde
Anass Elkhatib,"Ma carte est bloquée, que dois-je faire ?",Opposition carte
Bouchra Touil,"Ma carte est bloquée, que dois-je faire ?",Demande de relevé
Zakaria Amrani,"J'ai perdu mon téléphone, est-ce que je peux désactiver l'application mobile ?",Demande de relevé
Ilham Baroudi,Comment puis-je obtenir un relevé de compte ?,Vérification de solde
Samira Bensaid,"Bonjour, je veux connaître le solde de mon compte.",Mot de passe oublié
Saad Maaroufi,Comment puis-je obtenir un relevé de compte ?,Vérification de solde
Mouna Tahiri,"J'ai perdu mon téléphone, est-ce que je peux désactiver l'application mobile ?",Rendez-vous en agence
Bouchra Bensaid,Comment puis-je obtenir un relevé de compte ?,Opposition carte
Salma Elalami,"Ma carte est bloquée, que dois-je faire ?",Mot de passe oublié
Hiba Ouzzani,"Bonjour, je veux connaître le solde de mon compte.",Rendez-vous en agence
Othmane Sekkat,Comment puis-je obtenir un relevé de compte ?,Mot de passe oublié
Abdelaziz Boukhriss,"Ma carte est bloquée, que dois-je faire ?",Mot de passe oublié
Zakaria Elalami,Comment puis-je obtenir un relevé de compte ?,Mot de passe oublié
Hiba Sekkat,"J'ai perdu mon téléphone, est-ce que je peux désactiver l'application mobile ?",Opposition carte
Nadia Elidrissi,"J'ai perdu mon téléphone, est-ce que je peux désactiver l'application mobile ?",Mot de passe oublié
Yassine Touil,"Ma carte est bloquée, que dois-je faire ?",Mot de passe oublié
Fatima Zerouali,"Ma carte est bloquée, que dois-je faire ?",Vérification de solde
Abdelhak Naciri,Comment puis-je obtenir un relevé de compte ?,Opposition carte
Tarik Bennani,"J'ai perdu mon téléphone, est-ce que je peux désactiver l'application mobile ?",Rendez-vous en agence
Ibrahim Baroudi,"Ma carte est bloquée, que dois-je faire ?",Opposition carte
Othmane Hariri,"Bonjour, je veux connaître le solde de mon compte.",Mot de passe oublié
Ikram Amrani,"Ma carte est bloquée, que dois-je faire ?",Rendez-vous en agence
Mohamed Moutawakil,Comment puis-je obtenir un relevé de compte ?,Vérification de solde
Soukaina Zerouali,"Ma carte est bloquée, que dois-je faire ?",Opposition carte
Abdelaziz Jebari,"Ma carte est bloquée, que dois-je faire ?",Rendez-vous en agence
Imane Bennis,"J'ai perdu mon téléphone, est-ce que je peux désactiver l'application mobile ?",Rendez-vous en agence
Siham Elkhatib,"J'ai perdu mon téléphone, est-ce que je peux désactiver l'application mobile ?",Mot de passe oublié
Nour Elmansouri,Comment puis-je obtenir un relevé de compte ?,Vérification de solde
Imane Chouaib,"Bonjour, je veux connaître le solde de mon compte.",Demande de relevé
Adil Boukhriss,"Bonjour, je veux connaître le solde de mon compte.",Mot de passe oublié
Malak Rguig,"Bonjour, je veux connaître le solde de mon compte.",Rendez-vous en agence
Mouna Bakkali,"J'ai perdu mon téléphone, est-ce que je peux désactiver l'application mobile ?",Opposition carte
Houda Jebari,Comment puis-je obtenir un relevé de compte ?,Rendez-vous en agence
Soukaina Elidrissi,"Ma carte est bloquée, que dois-je faire ?",Vérification de solde
Imane Baroudi,Comment puis-je obtenir un relevé de compte ?,Vérification de solde
Imane Chouaib,"J'ai perdu mon téléphone, est-ce que je peux désactiver l'application mobile ?",Rendez-vous en agence
Zakaria Rguig,"J'ai perdu mon téléphone, est-ce que je peux désactiver l'application mobile ?",Demande de relevé
Abdelaziz Boukhriss,"J'ai perdu mon téléphone, est-ce que je peux désactiver l'application mobile ?",Rendez-vous en agence
Soukaina Touil,"J'ai perdu mon téléphone, est-ce que je peux désactiver l'application mobile ?",Mot de passe oublié
Laila Zerouali,"J'ai perdu mon téléphone, est-ce que je peux désactiver l'application mobile ?",Mot de passe oublié
Rim Lahlou,Comment puis-je obtenir un relevé de compte ?,Mot de passe oublié
Mouna Chraibi,"Bonjour, je veux connaître le solde de mon compte.",Rendez-vous en agence
Houda Maaroufi,"Ma carte est bloquée, que dois-je faire ?",Vérification de solde
Nour Boukhriss,Comment puis-je obtenir un relevé de compte ?,Rendez-vous en agence
Hiba Bennani,"Bonjour, je veux connaître le solde de mon compte.",Mot de passe oublié
Zineb Elkhatib,"Bonjour, je veux connaître le solde de mon compte.",Opposition carte
Salma Elmansouri,"Ma carte est bloquée, que dois-je faire ?",Rendez-vous en agence
Ayoub Baroudi,"Bonjour, je veux connaître le solde de mon compte.",Rendez-vous en agence
Youssef Zerouali,"Ma carte est bloquée, que dois-je faire ?",Rendez-vous en agence
Mohamed Moutawakil,"Bonjour, je veux connaître le solde de mon compte.",Vérification de solde
Ikram Bennis,"Ma carte est bloquée, que dois-je faire ?",Demande de relevé
Abdelhak Naciri,"Bonjour, je veux connaître le solde de mon compte.",Rendez-vous en agence
Ibrahim Chouaib,"Bonjour, je veux connaître le solde de mon compte.",Rendez-vous en agence
Omar Bensaid,"J'ai perdu mon téléphone, est-ce que je peux désactiver l'application mobile ?",Vérification de solde
Othmane Bakkali,"J'ai perdu mon téléphone, est-ce que je peux désactiver l'application mobile ?",Vérification de solde
Hassan Ouzzani,"J'ai perdu mon téléphone, est-ce que je peux désactiver l'application mobile ?",Mot de passe oublié
Hassan Elalami,Comment puis-je obtenir un relevé de compte ?,Mot de passe oublié
Anass Jebari,"J'ai perdu mon téléphone, est-ce que je peux désactiver l'application mobile ?",Demande de relevé
Malak Bennis,"Bonjour, je veux connaître le solde de mon compte.",Vérification de solde
Siham Elalami,"Bonjour, je veux connaître le solde de mon compte.",Opposition carte
Malak Elidrissi,"Ma carte est bloquée, que dois-je faire ?",Mot de passe oublié
Bouchra Rguig,"J'ai perdu mon téléphone, est-ce que je peux désactiver l'application mobile ?",Rendez-vous en agence
Karim Lahlou,"Bonjour, je veux connaître le solde de mon compte.",Opposition carte
Omar Rguig,"Ma carte est bloquée, que dois-je faire ?",Opposition carte
Hassan Ouzzani,"Ma carte est bloquée, que dois-je faire ?",Vérification de solde
Hassan Amrani,"Bonjour, je veux connaître le solde de mon compte.",Vérification de solde
Yassine Rguig,"Bonjour, je veux connaître le solde de mon compte.",Opposition carte
Ayoub Boukhriss,"Bonjour, je veux connaître le solde de mon compte.",Demande de relevé
Youssef Sekkat,Comment puis-je obtenir un relevé de compte ?,Vérification de solde
Abdelaziz Bennis,Comment puis-je obtenir un relevé de compte ?,Demande de relevé
Karim Elkhatib,"Ma carte est bloquée, que dois-je faire ?",Demande de relevé
Abdelaziz Hariri,"Ma carte est bloquée, que dois-je faire ?",Demande de relevé
Reda Zerouali,"Bonjour, je veux connaître le solde de mon compte.",Opposition carte
Mouna Ouzzani,Comment puis-je obtenir un relevé de compte ?,Vérification de solde
Laila Elalami,"Ma carte est bloquée, que dois-je faire ?",Mot de passe oublié
Tarik Chouaib,"J'ai perdu mon téléphone, est-ce que je peux désactiver l'application mobile ?",Mot de passe oublié
Khadija Chraibi,Comment puis-je obtenir un relevé de compte ?,Demande de relevé
Malak Baroudi,"Bonjour, je veux connaître le solde de mon compte.",Demande de relevé
Saad Chakiri,Comment puis-je obtenir un relevé de compte ?,Demande de relevé
Nour Elmansouri,Comment puis-je obtenir un relevé de compte ?,Demande de relevé
Rachid Hariri,"J'ai perdu mon téléphone, est-ce que je peux désactiver l'application mobile ?",Rendez-vous en agence
Laila Chraibi,Comment puis-je obtenir un relevé de compte ?,Mot de passe oublié
Hiba Jebari,Comment puis-je obtenir un relevé de compte ?,Vérification de solde
Malak Elkhatib,"Bonjour, je veux connaître le solde de mon compte.",Opposition carte
Bouchra Rguig,"Ma carte est bloquée, que dois-je faire ?",Vérification de solde
Salma Moutawakil,"Bonjour, je veux connaître le solde de mon compte.",Mot de passe oublié
Ikram Bensaid,"Bonjour, je veux connaître le solde de mon compte.",Rendez-vous en agence
Mouna Hariri,"Bonjour, je veux connaître le solde de mon compte.",Mot de passe oublié
Saad Bensaid,"Bonjour, je veux connaître le solde de mon compte.",Demande de relevé
Reda Alaoui,"Bonjour, je veux connaître le solde de mon compte.",Opposition carte
Abdelhak Bakkali,"J'ai perdu mon téléphone, est-ce que je peux désactiver l'application mobile ?",Vérification de solde
Karim Elmansouri,"Bonjour, je veux connaître le solde de mon compte.",Demande de relevé
Ibrahim Bensaid,"J'ai perdu mon téléphone, est-ce que je peux désactiver l'application mobile ?",Demande de relevé
Malak Bennani,"Bonjour, je veux connaître le solde de mon compte.",Vérification de solde
Nadia Baroudi,"Bonjour, je veux connaître le solde de mon compte.",Mot de passe oublié
Fatima Touil,"Bonjour, je veux connaître le solde de mon compte.",Vérification de solde
Fatima Touil,"Bonjour, je veux connaître le solde de mon compte.",Opposition carte
Abdelhak Bakkali,Comment puis-je obtenir un relevé de compte ?,Opposition carte
Nour Ouzzani,"Ma carte est bloquée, que dois-je faire ?",Vérification de solde
Hiba Jebari,"Bonjour, je veux connaître le solde de mon compte.",Mot de passe oublié
Salma Moutawakil,"Ma carte est bloquée, que dois-je faire ?",Mot de passe oublié
Samira Touil,"Ma carte est bloquée, que dois-je faire ?",Demande de relevé
Tarik Zerouali,Comment puis-je obtenir un relevé de compte ?,Rendez-vous en agence
Zakaria Bennis,Comment puis-je obtenir un relevé de compte ?,Rendez-vous en agence
Rim Chakiri,"J'ai perdu mon téléphone, est-ce que je peux désactiver l'application mobile ?",Mot de passe oublié
Rim Lahlou,"Bonjour, je veux connaître le solde de mon compte.",Vérification de solde
Malak Baroudi,"Bonjour, je veux connaître le solde de mon compte.",Opposition carte
Othmane Rguig,"J'ai perdu mon téléphone, est-ce que je peux désactiver l'application mobile ?",Demande de relevé
Nadia Touil,"J'ai perdu mon téléphone, est-ce que je peux désactiver l'application mobile ?",Mot de passe oublié
Adil Naciri,"Bonjour, je veux connaître le solde de mon compte.",Rendez-vous en agence
Othmane Bennis,Comment puis-je obtenir un relevé de compte ?,Rendez-vous en agence
