id_document,client_id,type_document,nom_fichier,date_upload,statut_validation,origine_document,commentaire
1,154,attestation de travail,attestationdetravail1pdf,2024-08-30,rejet,formulaire,Document non conforme ou incomplet.
2,300,attestation de travail,attestationdetravail2pdf,2023-11-30,valid,formulaire,Document verifie et valide avec succes.
3,497,contrat,contrat3pdf,2024-01-19,rejet,uploadclient,Document non conforme ou incomplet.
4,269,justificatif de domicile,justificatifdedomicile4pdf,2024-02-16,valid,formulaire,Document verifie et valide avec succes.
5,292,justificatif de domicile,justificatifdedomicile5pdf,2023-06-03,en attente,formulaire,Document en cours d'examen par le service.
6,259,cin,cin6pdf,2023-12-13,en attente,formulaire,Document en cours d'examen par le service.
7,145,attestation de travail,attestationdetravail7pdf,2023-04-29,rejet,scanagence,Document non conforme ou incomplet.
8,16,cin,cin8pdf,2023-08-27,en attente,email,Document en cours d'examen par le service.
9,207,attestation de travail,attestationdetravail9pdf,2024-12-31,rejet,scanagence,Document non conforme ou incomplet.
10,208,justificatif de domicile,justificatifdedomicile10pdf,2024-12-21,valid,scanagence,Document verifie et valide avec succes.
11,273,relev bancaire,relevbancaire11pdf,2024-04-15,en attente,formulaire,Document en cours d'examen par le service.
12,178,relev bancaire,relevbancaire12pdf,2024-09-01,valid,scanagence,Document verifie et valide avec succes.
13,33,cin,cin13pdf,2025-03-24,valid,email,Document verifie et valide avec succes.
14,365,cin,cin14pdf,2024-03-29,rejet,scanagence,Document non conforme ou incomplet.
15,431,contrat,contrat15pdf,2025-01-13,rejet,formulaire,Document non conforme ou incomplet.
16,273,photo,photo16pdf,2024-02-08,valid,formulaire,Document verifie et valide avec succes.
17,404,contrat,contrat17pdf,2025-02-17,rejet,uploadclient,Document non conforme ou incomplet.
18,210,contrat,contrat18pdf,2024-12-17,en attente,uploadclient,Document en cours d'examen par le service.
19,393,cin,cin19pdf,2023-05-12,en attente,email,Document en cours d'examen par le service.
20,315,photo,photo20pdf,2024-03-15,valid,formulaire,Document verifie et valide avec succes.
21,55,attestation de travail,attestationdetravail21pdf,2023-09-19,valid,email,Document verifie et valide avec succes.
22,95,relev bancaire,relevbancaire22pdf,2023-08-06,rejet,formulaire,Document non conforme ou incomplet.
23,378,relev bancaire,relevbancaire23pdf,2023-10-10,valid,scanagence,Document verifie et valide avec succes.
24,192,relev bancaire,relevbancaire24pdf,2023-05-04,en attente,email,Document en cours d'examen par le service.
25,377,justificatif de domicile,justificatifdedomicile25pdf,2024-07-12,rejet,email,Document non conforme ou incomplet.
26,495,contrat,contrat26pdf,2023-12-20,en attente,scanagence,Document en cours d'examen par le service.
27,195,relev bancaire,relevbancaire27pdf,2024-11-12,valid,scanagence,Document verifie et valide avec succes.
28,482,justificatif de domicile,justificatifdedomicile28pdf,2023-11-18,valid,scanagence,Document verifie et valide avec succes.
29,43,justificatif de domicile,justificatifdedomicile29pdf,2024-02-08,en attente,scanagence,Document en cours d'examen par le service.
30,257,contrat,contrat30pdf,2024-12-01,valid,uploadclient,Document verifie et valide avec succes.
31,43,cin,cin31pdf,2024-06-15,valid,email,Document verifie et valide avec succes.
32,369,photo,photo32pdf,2024-02-28,rejet,email,Document non conforme ou incomplet.
33,438,attestation de travail,attestationdetravail33pdf,2025-03-16,rejet,email,Document non conforme ou incomplet.
34,127,relev bancaire,relevbancaire34pdf,2024-03-10,en attente,email,Document en cours d'examen par le service.
35,287,contrat,contrat35pdf,2024-12-30,rejet,scanagence,Document non conforme ou incomplet.
36,66,justificatif de domicile,justificatifdedomicile36pdf,2024-11-08,rejet,uploadclient,Document non conforme ou incomplet.
37,200,photo,photo37pdf,2023-06-16,rejet,email,Document non conforme ou incomplet.
38,301,photo,photo38pdf,2025-02-05,rejet,uploadclient,Document non conforme ou incomplet.
39,265,photo,photo39pdf,2023-09-29,en attente,formulaire,Document en cours d'examen par le service.
40,296,justificatif de domicile,justificatifdedomicile40pdf,2024-09-18,valid,formulaire,Document verifie et valide avec succes.
41,172,relev bancaire,relevbancaire41pdf,2024-05-29,rejet,formulaire,Document non conforme ou incomplet.
42,332,justificatif de domicile,justificatifdedomicile42pdf,2023-07-05,en attente,scanagence,Document en cours d'examen par le service.
43,321,attestation de travail,attestationdetravail43pdf,2025-04-17,valid,scanagence,Document verifie et valide avec succes.
44,313,relev bancaire,relevbancaire44pdf,2025-01-25,en attente,email,Document en cours d'examen par le service.
45,315,relev bancaire,relevbancaire45pdf,2025-02-26,rejet,uploadclient,Document non conforme ou incomplet.
46,195,photo,photo46pdf,2024-07-16,valid,formulaire,Document verifie et valide avec succes.
47,269,cin,cin47pdf,2025-02-17,rejet,scanagence,Document non conforme ou incomplet.
48,433,cin,cin48pdf,2023-05-26,en attente,formulaire,Document en cours d'examen par le service.
49,170,relev bancaire,relevbancaire49pdf,2025-02-10,en attente,formulaire,Document en cours d'examen par le service.
50,154,justificatif de domicile,justificatifdedomicile50pdf,2024-04-29,en attente,formulaire,Document en cours d'examen par le service.
51,73,justificatif de domicile,justificatifdedomicile51pdf,2023-10-04,valid,email,Document verifie et valide avec succes.
52,297,justificatif de domicile,justificatifdedomicile52pdf,2023-12-27,rejet,scanagence,Document non conforme ou incomplet.
53,351,attestation de travail,attestationdetravail53pdf,2024-08-15,en attente,uploadclient,Document en cours d'examen par le service.
54,41,photo,photo54pdf,2023-07-02,rejet,scanagence,Document non conforme ou incomplet.
55,94,justificatif de domicile,justificatifdedomicile55pdf,2023-05-05,valid,uploadclient,Document verifie et valide avec succes.
56,71,relev bancaire,relevbancaire56pdf,2025-03-23,rejet,email,Document non conforme ou incomplet.
57,197,cin,cin57pdf,2023-04-30,valid,email,Document verifie et valide avec succes.
58,56,cin,cin58pdf,2023-10-21,en attente,formulaire,Document en cours d'examen par le service.
59,118,contrat,contrat59pdf,2025-01-03,en attente,formulaire,Document en cours d'examen par le service.
60,393,cin,cin60pdf,2024-03-19,valid,formulaire,Document verifie et valide avec succes.
61,315,attestation de travail,attestationdetravail61pdf,2024-03-22,en attente,uploadclient,Document en cours d'examen par le service.
62,91,cin,cin62pdf,2024-04-19,valid,scanagence,Document verifie et valide avec succes.
63,124,contrat,contrat63pdf,2024-12-29,en attente,email,Document en cours d'examen par le service.
64,123,attestation de travail,attestationdetravail64pdf,2024-07-27,rejet,scanagence,Document non conforme ou incomplet.
65,451,attestation de travail,attestationdetravail65pdf,2024-05-30,en attente,email,Document en cours d'examen par le service.
66,113,attestation de travail,attestationdetravail66pdf,2024-10-16,en attente,uploadclient,Document en cours d'examen par le service.
67,72,cin,cin67pdf,2023-10-16,valid,scanagence,Document verifie et valide avec succes.
68,414,justificatif de domicile,justificatifdedomicile68pdf,2025-01-02,rejet,email,Document non conforme ou incomplet.
69,229,relev bancaire,relevbancaire69pdf,2024-04-19,valid,formulaire,Document verifie et valide avec succes.
70,29,attestation de travail,attestationdetravail70pdf,2024-10-14,valid,email,Document verifie et valide avec succes.
71,40,photo,photo71pdf,2023-08-14,en attente,formulaire,Document en cours d'examen par le service.
72,309,contrat,contrat72pdf,2025-02-17,en attente,formulaire,Document en cours d'examen par le service.
73,71,photo,photo73pdf,2024-05-15,valid,email,Document verifie et valide avec succes.
74,467,justificatif de domicile,justificatifdedomicile74pdf,2024-10-28,valid,scanagence,Document verifie et valide avec succes.
75,77,contrat,contrat75pdf,2024-05-14,rejet,email,Document non conforme ou incomplet.
76,267,relev bancaire,relevbancaire76pdf,2023-08-18,rejet,scanagence,Document non conforme ou incomplet.
77,106,contrat,contrat77pdf,2024-05-23,rejet,uploadclient,Document non conforme ou incomplet.
78,57,attestation de travail,attestationdetravail78pdf,2024-12-10,rejet,scanagence,Document non conforme ou incomplet.
79,212,relev bancaire,relevbancaire79pdf,2023-06-24,en attente,formulaire,Document en cours d'examen par le service.
80,318,cin,cin80pdf,2024-05-24,en attente,scanagence,Document en cours d'examen par le service.
81,419,relev bancaire,relevbancaire81pdf,2024-07-16,en attente,email,Document en cours d'examen par le service.
82,241,relev bancaire,relevbancaire82pdf,2025-03-08,rejet,email,Document non conforme ou incomplet.
83,36,contrat,contrat83pdf,2023-08-04,rejet,uploadclient,Document non conforme ou incomplet.
84,192,justificatif de domicile,justificatifdedomicile84pdf,2025-03-17,valid,formulaire,Document verifie et valide avec succes.
85,345,photo,photo85pdf,2023-11-07,en attente,uploadclient,Document en cours d'examen par le service.
86,412,justificatif de domicile,justificatifdedomicile86pdf,2024-08-25,en attente,email,Document en cours d'examen par le service.
87,220,relev bancaire,relevbancaire87pdf,2024-07-09,rejet,scanagence,Document non conforme ou incomplet.
88,271,photo,photo88pdf,2023-08-23,en attente,email,Document en cours d'examen par le service.
89,51,relev bancaire,relevbancaire89pdf,2024-12-15,rejet,uploadclient,Document non conforme ou incomplet.
90,99,photo,photo90pdf,2023-06-17,valid,email,Document verifie et valide avec succes.
91,365,photo,photo91pdf,2023-10-20,rejet,formulaire,Document non conforme ou incomplet.
92,96,justificatif de domicile,justificatifdedomicile92pdf,2023-08-17,en attente,formulaire,Document en cours d'examen par le service.
93,430,relev bancaire,relevbancaire93pdf,2024-06-04,valid,scanagence,Document verifie et valide avec succes.
94,80,attestation de travail,attestationdetravail94pdf,2023-09-30,rejet,formulaire,Document non conforme ou incomplet.
95,57,relev bancaire,relevbancaire95pdf,2025-01-30,valid,uploadclient,Document verifie et valide avec succes.
96,282,justificatif de domicile,justificatifdedomicile96pdf,2024-08-06,valid,formulaire,Document verifie et valide avec succes.
97,281,justificatif de domicile,justificatifdedomicile97pdf,2023-11-10,rejet,uploadclient,Document non conforme ou incomplet.
98,223,attestation de travail,attestationdetravail98pdf,2025-01-14,valid,formulaire,Document verifie et valide avec succes.
99,292,contrat,contrat99pdf,2024-02-15,rejet,formulaire,Document non conforme ou incomplet.
100,423,cin,cin100pdf,2024-08-02,en attente,email,Document en cours d'examen par le service.
101,373,photo,photo101pdf,2024-12-09,rejet,uploadclient,Document non conforme ou incomplet.
102,419,photo,photo102pdf,2024-07-11,en attente,email,Document en cours d'examen par le service.
103,365,justificatif de domicile,justificatifdedomicile103pdf,2025-04-11,rejet,scanagence,Document non conforme ou incomplet.
104,298,relev bancaire,relevbancaire104pdf,2025-02-25,en attente,email,Document en cours d'examen par le service.
105,38,cin,cin105pdf,2024-02-14,valid,uploadclient,Document verifie et valide avec succes.
106,352,cin,cin106pdf,2024-01-10,rejet,uploadclient,Document non conforme ou incomplet.
107,276,cin,cin107pdf,2023-05-03,valid,scanagence,Document verifie et valide avec succes.
108,29,justificatif de domicile,justificatifdedomicile108pdf,2024-10-24,valid,email,Document verifie et valide avec succes.
109,384,justificatif de domicile,justificatifdedomicile109pdf,2024-07-11,valid,scanagence,Document verifie et valide avec succes.
110,295,cin,cin110pdf,2025-04-12,rejet,email,Document non conforme ou incomplet.
111,271,attestation de travail,attestationdetravail111pdf,2024-11-27,valid,uploadclient,Document verifie et valide avec succes.
112,435,relev bancaire,relevbancaire112pdf,2024-01-26,en attente,formulaire,Document en cours d'examen par le service.
113,443,cin,cin113pdf,2024-01-27,valid,uploadclient,Document verifie et valide avec succes.
114,93,relev bancaire,relevbancaire114pdf,2023-10-29,en attente,email,Document en cours d'examen par le service.
115,315,attestation de travail,attestationdetravail115pdf,2024-04-28,en attente,uploadclient,Document en cours d'examen par le service.
116,23,cin,cin116pdf,2024-02-03,en attente,formulaire,Document en cours d'examen par le service.
117,207,attestation de travail,attestationdetravail117pdf,2024-03-12,en attente,email,Document en cours d'examen par le service.
118,20,attestation de travail,attestationdetravail118pdf,2023-12-06,rejet,scanagence,Document non conforme ou incomplet.
119,63,attestation de travail,attestationdetravail119pdf,2024-08-27,valid,formulaire,Document verifie et valide avec succes.
120,425,cin,cin120pdf,2023-10-29,valid,email,Document verifie et valide avec succes.
121,353,cin,cin121pdf,2023-08-20,valid,email,Document verifie et valide avec succes.
122,202,relev bancaire,relevbancaire122pdf,2024-04-24,valid,scanagence,Document verifie et valide avec succes.
123,428,justificatif de domicile,justificatifdedomicile123pdf,2023-09-26,rejet,uploadclient,Document non conforme ou incomplet.
124,80,contrat,contrat124pdf,2023-10-25,rejet,email,Document non conforme ou incomplet.
125,219,cin,cin125pdf,2024-12-19,rejet,email,Document non conforme ou incomplet.
126,460,contrat,contrat126pdf,2024-04-09,rejet,email,Document non conforme ou incomplet.
127,240,attestation de travail,attestationdetravail127pdf,2024-10-31,rejet,formulaire,Document non conforme ou incomplet.
128,131,contrat,contrat128pdf,2024-12-04,rejet,formulaire,Document non conforme ou incomplet.
129,143,photo,photo129pdf,2024-01-18,valid,scanagence,Document verifie et valide avec succes.
130,9,contrat,contrat130pdf,2023-05-11,rejet,uploadclient,Document non conforme ou incomplet.
131,390,cin,cin131pdf,2025-04-18,rejet,formulaire,Document non conforme ou incomplet.
132,230,relev bancaire,relevbancaire132pdf,2024-06-28,valid,email,Document verifie et valide avec succes.
133,389,attestation de travail,attestationdetravail133pdf,2023-11-27,rejet,formulaire,Document non conforme ou incomplet.
134,98,justificatif de domicile,justificatifdedomicile134pdf,2024-04-06,rejet,scanagence,Document non conforme ou incomplet.
135,483,justificatif de domicile,justificatifdedomicile135pdf,2024-08-05,en attente,scanagence,Document en cours d'examen par le service.
136,395,justificatif de domicile,justificatifdedomicile136pdf,2024-06-17,en attente,scanagence,Document en cours d'examen par le service.
137,108,contrat,contrat137pdf,2023-07-08,rejet,scanagence,Document non conforme ou incomplet.
138,176,relev bancaire,relevbancaire138pdf,2025-04-16,en attente,email,Document en cours d'examen par le service.
139,189,cin,cin139pdf,2024-04-29,en attente,formulaire,Document en cours d'examen par le service.
140,224,photo,photo140pdf,2025-01-08,en attente,uploadclient,Document en cours d'examen par le service.
141,19,cin,cin141pdf,2024-05-21,rejet,uploadclient,Document non conforme ou incomplet.
142,63,relev bancaire,relevbancaire142pdf,2023-12-15,rejet,formulaire,Document non conforme ou incomplet.
143,256,justificatif de domicile,justificatifdedomicile143pdf,2024-09-08,rejet,scanagence,Document non conforme ou incomplet.
144,321,photo,photo144pdf,2024-05-16,valid,scanagence,Document verifie et valide avec succes.
145,44,relev bancaire,relevbancaire145pdf,2025-02-17,rejet,email,Document non conforme ou incomplet.
146,203,cin,cin146pdf,2024-04-08,valid,formulaire,Document verifie et valide avec succes.
147,492,justificatif de domicile,justificatifdedomicile147pdf,2024-01-11,valid,email,Document verifie et valide avec succes.
148,347,contrat,contrat148pdf,2023-05-25,en attente,uploadclient,Document en cours d'examen par le service.
149,258,contrat,contrat149pdf,2024-03-21,valid,formulaire,Document verifie et valide avec succes.
150,236,relev bancaire,relevbancaire150pdf,2023-10-31,en attente,email,Document en cours d'examen par le service.
151,261,cin,cin151pdf,2024-12-26,rejet,scanagence,Document non conforme ou incomplet.
152,481,contrat,contrat152pdf,2024-01-05,rejet,scanagence,Document non conforme ou incomplet.
153,341,attestation de travail,attestationdetravail153pdf,2023-10-26,valid,email,Document verifie et valide avec succes.
154,478,relev bancaire,relevbancaire154pdf,2024-12-27,en attente,email,Document en cours d'examen par le service.
155,342,cin,cin155pdf,2024-03-02,valid,scanagence,Document verifie et valide avec succes.
156,260,contrat,contrat156pdf,2024-03-05,rejet,email,Document non conforme ou incomplet.
157,56,contrat,contrat157pdf,2025-01-03,rejet,email,Document non conforme ou incomplet.
158,487,justificatif de domicile,justificatifdedomicile158pdf,2024-03-02,rejet,formulaire,Document non conforme ou incomplet.
159,233,contrat,contrat159pdf,2023-12-24,en attente,uploadclient,Document en cours d'examen par le service.
160,492,cin,cin160pdf,2023-12-25,en attente,formulaire,Document en cours d'examen par le service.
161,431,justificatif de domicile,justificatifdedomicile161pdf,2024-12-17,valid,formulaire,Document verifie et valide avec succes.
162,35,contrat,contrat162pdf,2024-07-17,valid,uploadclient,Document verifie et valide avec succes.
163,23,attestation de travail,attestationdetravail163pdf,2024-02-01,en attente,email,Document en cours d'examen par le service.
164,250,relev bancaire,relevbancaire164pdf,2024-01-27,rejet,uploadclient,Document non conforme ou incomplet.
165,41,justificatif de domicile,justificatifdedomicile165pdf,2023-04-24,en attente,uploadclient,Document en cours d'examen par le service.
166,450,photo,photo166pdf,2024-05-19,valid,formulaire,Document verifie et valide avec succes.
167,240,justificatif de domicile,justificatifdedomicile167pdf,2023-11-25,rejet,email,Document non conforme ou incomplet.
168,361,attestation de travail,attestationdetravail168pdf,2025-03-27,rejet,uploadclient,Document non conforme ou incomplet.
169,60,attestation de travail,attestationdetravail169pdf,2025-04-14,rejet,formulaire,Document non conforme ou incomplet.
170,497,photo,photo170pdf,2025-03-20,en attente,email,Document en cours d'examen par le service.
171,52,attestation de travail,attestationdetravail171pdf,2025-02-02,en attente,uploadclient,Document en cours d'examen par le service.
172,296,contrat,contrat172pdf,2024-07-16,rejet,scanagence,Document non conforme ou incomplet.
173,247,cin,cin173pdf,2023-07-07,rejet,email,Document non conforme ou incomplet.
174,185,photo,photo174pdf,2024-03-20,en attente,scanagence,Document en cours d'examen par le service.
175,115,cin,cin175pdf,2024-07-16,rejet,scanagence,Document non conforme ou incomplet.
176,491,contrat,contrat176pdf,2024-05-03,en attente,email,Document en cours d'examen par le service.
177,257,photo,photo177pdf,2023-07-24,valid,formulaire,Document verifie et valide avec succes.
178,265,photo,photo178pdf,2024-11-18,valid,formulaire,Document verifie et valide avec succes.
179,332,cin,cin179pdf,2024-01-31,rejet,formulaire,Document non conforme ou incomplet.
180,462,photo,photo180pdf,2024-03-26,en attente,email,Document en cours d'examen par le service.
181,492,contrat,contrat181pdf,2024-11-29,en attente,formulaire,Document en cours d'examen par le service.
182,89,relev bancaire,relevbancaire182pdf,2024-12-15,rejet,uploadclient,Document non conforme ou incomplet.
183,294,attestation de travail,attestationdetravail183pdf,2024-07-11,rejet,scanagence,Document non conforme ou incomplet.
184,124,relev bancaire,relevbancaire184pdf,2024-04-10,en attente,uploadclient,Document en cours d'examen par le service.
185,410,cin,cin185pdf,2023-09-04,valid,email,Document verifie et valide avec succes.
186,340,photo,photo186pdf,2023-06-08,valid,formulaire,Document verifie et valide avec succes.
187,489,relev bancaire,relevbancaire187pdf,2023-07-01,en attente,scanagence,Document en cours d'examen par le service.
188,50,relev bancaire,relevbancaire188pdf,2024-12-30,rejet,uploadclient,Document non conforme ou incomplet.
189,120,photo,photo189pdf,2024-12-08,rejet,email,Document non conforme ou incomplet.
190,44,photo,photo190pdf,2025-02-20,rejet,scanagence,Document non conforme ou incomplet.
191,480,attestation de travail,attestationdetravail191pdf,2025-02-08,rejet,formulaire,Document non conforme ou incomplet.
192,148,attestation de travail,attestationdetravail192pdf,2023-07-31,rejet,uploadclient,Document non conforme ou incomplet.
193,321,attestation de travail,attestationdetravail193pdf,2025-03-14,rejet,scanagence,Document non conforme ou incomplet.
194,286,justificatif de domicile,justificatifdedomicile194pdf,2024-07-20,rejet,uploadclient,Document non conforme ou incomplet.
195,461,attestation de travail,attestationdetravail195pdf,2024-03-11,rejet,formulaire,Document non conforme ou incomplet.
196,4,attestation de travail,attestationdetravail196pdf,2024-10-05,rejet,scanagence,Document non conforme ou incomplet.
197,90,relev bancaire,relevbancaire197pdf,2024-09-14,valid,uploadclient,Document verifie et valide avec succes.
198,224,attestation de travail,attestationdetravail198pdf,2025-01-15,valid,uploadclient,Document verifie et valide avec succes.
199,388,attestation de travail,attestationdetravail199pdf,2023-05-07,en attente,email,Document en cours d'examen par le service.
200,34,cin,cin200pdf,2024-07-06,en attente,email,Document en cours d'examen par le service.
201,406,contrat,contrat201pdf,2024-08-01,rejet,uploadclient,Document non conforme ou incomplet.
202,449,cin,cin202pdf,2023-09-03,valid,uploadclient,Document verifie et valide avec succes.
203,31,justificatif de domicile,justificatifdedomicile203pdf,2024-10-02,valid,scanagence,Document verifie et valide avec succes.
204,142,contrat,contrat204pdf,2024-05-16,valid,uploadclient,Document verifie et valide avec succes.
205,41,relev bancaire,relevbancaire205pdf,2023-11-29,valid,uploadclient,Document verifie et valide avec succes.
206,428,contrat,contrat206pdf,2024-02-21,valid,scanagence,Document verifie et valide avec succes.
207,286,cin,cin207pdf,2023-08-12,en attente,uploadclient,Document en cours d'examen par le service.
208,239,photo,photo208pdf,2024-02-19,valid,formulaire,Document verifie et valide avec succes.
209,331,justificatif de domicile,justificatifdedomicile209pdf,2023-04-23,en attente,formulaire,Document en cours d'examen par le service.
210,166,contrat,contrat210pdf,2024-09-13,en attente,formulaire,Document en cours d'examen par le service.
211,380,cin,cin211pdf,2023-11-25,rejet,email,Document non conforme ou incomplet.
212,51,attestation de travail,attestationdetravail212pdf,2024-05-27,rejet,email,Document non conforme ou incomplet.
213,425,contrat,contrat213pdf,2024-11-28,rejet,scanagence,Document non conforme ou incomplet.
214,318,justificatif de domicile,justificatifdedomicile214pdf,2023-07-26,en attente,formulaire,Document en cours d'examen par le service.
215,477,relev bancaire,relevbancaire215pdf,2024-02-29,en attente,uploadclient,Document en cours d'examen par le service.
216,353,relev bancaire,relevbancaire216pdf,2024-01-18,rejet,uploadclient,Document non conforme ou incomplet.
217,358,photo,photo217pdf,2025-03-17,valid,uploadclient,Document verifie et valide avec succes.
218,115,photo,photo218pdf,2024-03-30,valid,scanagence,Document verifie et valide avec succes.
219,63,contrat,contrat219pdf,2023-09-16,en attente,formulaire,Document en cours d'examen par le service.
220,298,photo,photo220pdf,2024-07-03,rejet,formulaire,Document non conforme ou incomplet.
221,70,photo,photo221pdf,2024-04-17,valid,formulaire,Document verifie et valide avec succes.
222,298,attestation de travail,attestationdetravail222pdf,2025-02-26,en attente,uploadclient,Document en cours d'examen par le service.
223,433,attestation de travail,attestationdetravail223pdf,2024-10-20,rejet,scanagence,Document non conforme ou incomplet.
224,446,contrat,contrat224pdf,2024-12-21,rejet,formulaire,Document non conforme ou incomplet.
225,346,contrat,contrat225pdf,2025-01-23,valid,formulaire,Document verifie et valide avec succes.
226,472,contrat,contrat226pdf,2024-07-06,en attente,email,Document en cours d'examen par le service.
227,431,photo,photo227pdf,2024-04-13,rejet,formulaire,Document non conforme ou incomplet.
228,308,attestation de travail,attestationdetravail228pdf,2025-03-26,rejet,formulaire,Document non conforme ou incomplet.
229,355,attestation de travail,attestationdetravail229pdf,2023-06-02,en attente,uploadclient,Document en cours d'examen par le service.
230,375,cin,cin230pdf,2024-01-13,en attente,formulaire,Document en cours d'examen par le service.
231,99,photo,photo231pdf,2025-03-23,valid,scanagence,Document verifie et valide avec succes.
232,429,attestation de travail,attestationdetravail232pdf,2025-04-16,valid,scanagence,Document verifie et valide avec succes.
233,143,photo,photo233pdf,2023-08-03,valid,formulaire,Document verifie et valide avec succes.
234,341,relev bancaire,relevbancaire234pdf,2024-07-26,rejet,scanagence,Document non conforme ou incomplet.
235,208,attestation de travail,attestationdetravail235pdf,2023-10-17,en attente,email,Document en cours d'examen par le service.
236,229,attestation de travail,attestationdetravail236pdf,2025-01-23,valid,scanagence,Document verifie et valide avec succes.
237,189,contrat,contrat237pdf,2023-08-28,rejet,email,Document non conforme ou incomplet.
238,381,attestation de travail,attestationdetravail238pdf,2023-11-30,valid,email,Document verifie et valide avec succes.
239,499,justificatif de domicile,justificatifdedomicile239pdf,2024-08-25,valid,formulaire,Document verifie et valide avec succes.
240,35,justificatif de domicile,justificatifdedomicile240pdf,2023-05-27,valid,scanagence,Document verifie et valide avec succes.
241,327,justificatif de domicile,justificatifdedomicile241pdf,2024-08-08,valid,email,Document verifie et valide avec succes.
242,299,photo,photo242pdf,2024-07-28,en attente,scanagence,Document en cours d'examen par le service.
243,8,contrat,contrat243pdf,2023-06-17,rejet,scanagence,Document non conforme ou incomplet.
244,302,contrat,contrat244pdf,2023-12-15,rejet,email,Document non conforme ou incomplet.
245,388,relev bancaire,relevbancaire245pdf,2024-02-25,en attente,scanagence,Document en cours d'examen par le service.
246,111,cin,cin246pdf,2024-10-05,rejet,formulaire,Document non conforme ou incomplet.
247,225,contrat,contrat247pdf,2024-07-04,valid,uploadclient,Document verifie et valide avec succes.
248,372,contrat,contrat248pdf,2023-11-27,rejet,uploadclient,Document non conforme ou incomplet.
249,97,attestation de travail,attestationdetravail249pdf,2023-05-19,valid,uploadclient,Document verifie et valide avec succes.
250,396,relev bancaire,relevbancaire250pdf,2023-12-26,rejet,email,Document non conforme ou incomplet.
251,424,relev bancaire,relevbancaire251pdf,2024-04-28,rejet,formulaire,Document non conforme ou incomplet.
252,280,relev bancaire,relevbancaire252pdf,2024-10-26,en attente,email,Document en cours d'examen par le service.
253,64,photo,photo253pdf,2024-12-07,rejet,uploadclient,Document non conforme ou incomplet.
254,82,contrat,contrat254pdf,2024-12-24,en attente,email,Document en cours d'examen par le service.
255,425,photo,photo255pdf,2024-09-13,rejet,formulaire,Document non conforme ou incomplet.
256,192,justificatif de domicile,justificatifdedomicile256pdf,2023-10-03,en attente,uploadclient,Document en cours d'examen par le service.
257,478,photo,photo257pdf,2025-02-18,en attente,scanagence,Document en cours d'examen par le service.
258,396,contrat,contrat258pdf,2024-12-25,rejet,formulaire,Document non conforme ou incomplet.
259,137,attestation de travail,attestationdetravail259pdf,2024-01-29,valid,uploadclient,Document verifie et valide avec succes.
260,287,photo,photo260pdf,2023-08-03,rejet,formulaire,Document non conforme ou incomplet.
261,456,cin,cin261pdf,2023-11-24,valid,scanagence,Document verifie et valide avec succes.
262,191,justificatif de domicile,justificatifdedomicile262pdf,2024-05-30,valid,formulaire,Document verifie et valide avec succes.
263,347,attestation de travail,attestationdetravail263pdf,2023-10-19,en attente,uploadclient,Document en cours d'examen par le service.
264,57,photo,photo264pdf,2023-12-10,en attente,uploadclient,Document en cours d'examen par le service.
265,294,relev bancaire,relevbancaire265pdf,2023-10-04,en attente,scanagence,Document en cours d'examen par le service.
266,244,contrat,contrat266pdf,2023-12-10,valid,uploadclient,Document verifie et valide avec succes.
267,343,photo,photo267pdf,2024-10-09,rejet,uploadclient,Document non conforme ou incomplet.
268,41,justificatif de domicile,justificatifdedomicile268pdf,2024-01-10,valid,scanagence,Document verifie et valide avec succes.
269,204,cin,cin269pdf,2024-12-21,rejet,uploadclient,Document non conforme ou incomplet.
270,98,relev bancaire,relevbancaire270pdf,2023-05-02,valid,email,Document verifie et valide avec succes.
271,445,attestation de travail,attestationdetravail271pdf,2024-10-18,valid,uploadclient,Document verifie et valide avec succes.
272,152,attestation de travail,attestationdetravail272pdf,2024-05-20,valid,uploadclient,Document verifie et valide avec succes.
273,46,attestation de travail,attestationdetravail273pdf,2024-11-13,rejet,email,Document non conforme ou incomplet.
274,168,attestation de travail,attestationdetravail274pdf,2024-10-23,en attente,uploadclient,Document en cours d'examen par le service.
275,441,justificatif de domicile,justificatifdedomicile275pdf,2024-01-25,valid,scanagence,Document verifie et valide avec succes.
276,213,relev bancaire,relevbancaire276pdf,2024-04-29,en attente,email,Document en cours d'examen par le service.
277,336,contrat,contrat277pdf,2023-12-05,rejet,formulaire,Document non conforme ou incomplet.
278,13,attestation de travail,attestationdetravail278pdf,2024-08-28,valid,scanagence,Document verifie et valide avec succes.
279,120,attestation de travail,attestationdetravail279pdf,2024-12-28,valid,formulaire,Document verifie et valide avec succes.
280,171,contrat,contrat280pdf,2023-08-28,en attente,uploadclient,Document en cours d'examen par le service.
281,135,cin,cin281pdf,2025-01-29,en attente,scanagence,Document en cours d'examen par le service.
282,461,relev bancaire,relevbancaire282pdf,2023-05-16,valid,email,Document verifie et valide avec succes.
283,33,contrat,contrat283pdf,2024-02-08,valid,uploadclient,Document verifie et valide avec succes.
284,133,attestation de travail,attestationdetravail284pdf,2024-05-31,en attente,formulaire,Document en cours d'examen par le service.
285,315,cin,cin285pdf,2023-11-29,en attente,formulaire,Document en cours d'examen par le service.
286,260,contrat,contrat286pdf,2024-04-18,rejet,uploadclient,Document non conforme ou incomplet.
287,408,justificatif de domicile,justificatifdedomicile287pdf,2024-10-14,en attente,email,Document en cours d'examen par le service.
288,142,justificatif de domicile,justificatifdedomicile288pdf,2024-09-18,en attente,formulaire,Document en cours d'examen par le service.
289,421,relev bancaire,relevbancaire289pdf,2023-07-14,rejet,email,Document non conforme ou incomplet.
290,293,justificatif de domicile,justificatifdedomicile290pdf,2023-08-13,en attente,uploadclient,Document en cours d'examen par le service.
291,180,contrat,contrat291pdf,2025-01-24,en attente,uploadclient,Document en cours d'examen par le service.
292,455,photo,photo292pdf,2024-05-31,en attente,formulaire,Document en cours d'examen par le service.
293,365,justificatif de domicile,justificatifdedomicile293pdf,2023-09-14,rejet,email,Document non conforme ou incomplet.
294,51,contrat,contrat294pdf,2025-02-26,rejet,scanagence,Document non conforme ou incomplet.
295,18,justificatif de domicile,justificatifdedomicile295pdf,2024-10-09,en attente,email,Document en cours d'examen par le service.
296,444,photo,photo296pdf,2023-07-21,rejet,scanagence,Document non conforme ou incomplet.
297,121,attestation de travail,attestationdetravail297pdf,2023-04-29,en attente,email,Document en cours d'examen par le service.
298,313,attestation de travail,attestationdetravail298pdf,2024-11-16,rejet,uploadclient,Document non conforme ou incomplet.
299,332,photo,photo299pdf,2024-11-20,valid,uploadclient,Document verifie et valide avec succes.
300,477,relev bancaire,relevbancaire300pdf,2024-08-10,valid,uploadclient,Document verifie et valide avec succes.
301,123,attestation de travail,attestationdetravail301pdf,2024-04-27,valid,scanagence,Document verifie et valide avec succes.
302,419,contrat,contrat302pdf,2024-11-20,valid,formulaire,Document verifie et valide avec succes.
303,113,justificatif de domicile,justificatifdedomicile303pdf,2023-05-03,en attente,scanagence,Document en cours d'examen par le service.
304,383,photo,photo304pdf,2025-02-12,en attente,uploadclient,Document en cours d'examen par le service.
305,312,cin,cin305pdf,2024-01-17,rejet,scanagence,Document non conforme ou incomplet.
306,381,contrat,contrat306pdf,2024-06-14,en attente,uploadclient,Document en cours d'examen par le service.
307,466,justificatif de domicile,justificatifdedomicile307pdf,2023-07-30,rejet,scanagence,Document non conforme ou incomplet.
308,219,cin,cin308pdf,2024-09-20,valid,scanagence,Document verifie et valide avec succes.
309,109,justificatif de domicile,justificatifdedomicile309pdf,2024-02-05,rejet,scanagence,Document non conforme ou incomplet.
310,253,relev bancaire,relevbancaire310pdf,2023-07-07,en attente,uploadclient,Document en cours d'examen par le service.
311,350,attestation de travail,attestationdetravail311pdf,2025-03-30,en attente,formulaire,Document en cours d'examen par le service.
312,44,cin,cin312pdf,2024-03-02,en attente,uploadclient,Document en cours d'examen par le service.
313,314,attestation de travail,attestationdetravail313pdf,2024-08-21,valid,scanagence,Document verifie et valide avec succes.
314,485,justificatif de domicile,justificatifdedomicile314pdf,2024-12-23,valid,email,Document verifie et valide avec succes.
315,128,photo,photo315pdf,2024-01-27,valid,scanagence,Document verifie et valide avec succes.
316,43,relev bancaire,relevbancaire316pdf,2024-10-16,valid,email,Document verifie et valide avec succes.
317,365,justificatif de domicile,justificatifdedomicile317pdf,2025-03-04,en attente,formulaire,Document en cours d'examen par le service.
318,368,contrat,contrat318pdf,2023-12-26,valid,email,Document verifie et valide avec succes.
319,12,relev bancaire,relevbancaire319pdf,2024-08-12,rejet,email,Document non conforme ou incomplet.
320,130,contrat,contrat320pdf,2023-12-12,rejet,uploadclient,Document non conforme ou incomplet.
321,47,relev bancaire,relevbancaire321pdf,2025-03-09,en attente,formulaire,Document en cours d'examen par le service.
322,273,photo,photo322pdf,2023-11-23,valid,scanagence,Document verifie et valide avec succes.
323,149,cin,cin323pdf,2024-10-12,rejet,email,Document non conforme ou incomplet.
324,470,attestation de travail,attestationdetravail324pdf,2023-08-20,rejet,uploadclient,Document non conforme ou incomplet.
325,193,attestation de travail,attestationdetravail325pdf,2024-11-02,valid,scanagence,Document verifie et valide avec succes.
326,268,photo,photo326pdf,2023-12-16,en attente,formulaire,Document en cours d'examen par le service.
327,357,contrat,contrat327pdf,2023-09-13,en attente,formulaire,Document en cours d'examen par le service.
328,498,justificatif de domicile,justificatifdedomicile328pdf,2024-04-20,valid,scanagence,Document verifie et valide avec succes.
329,491,justificatif de domicile,justificatifdedomicile329pdf,2024-09-06,valid,scanagence,Document verifie et valide avec succes.
330,439,relev bancaire,relevbancaire330pdf,2025-02-05,valid,formulaire,Document verifie et valide avec succes.
331,285,justificatif de domicile,justificatifdedomicile331pdf,2023-11-02,en attente,scanagence,Document en cours d'examen par le service.
332,82,attestation de travail,attestationdetravail332pdf,2024-10-10,rejet,email,Document non conforme ou incomplet.
333,151,relev bancaire,relevbancaire333pdf,2023-12-29,valid,email,Document verifie et valide avec succes.
334,482,justificatif de domicile,justificatifdedomicile334pdf,2023-07-04,rejet,email,Document non conforme ou incomplet.
335,143,attestation de travail,attestationdetravail335pdf,2023-06-13,en attente,email,Document en cours d'examen par le service.
336,227,attestation de travail,attestationdetravail336pdf,2024-04-11,en attente,formulaire,Document en cours d'examen par le service.
337,140,relev bancaire,relevbancaire337pdf,2024-06-24,valid,email,Document verifie et valide avec succes.
338,177,cin,cin338pdf,2023-08-03,valid,formulaire,Document verifie et valide avec succes.
339,18,photo,photo339pdf,2023-05-28,en attente,formulaire,Document en cours d'examen par le service.
340,180,contrat,contrat340pdf,2023-12-18,en attente,scanagence,Document en cours d'examen par le service.
341,66,justificatif de domicile,justificatifdedomicile341pdf,2024-04-04,rejet,email,Document non conforme ou incomplet.
342,387,relev bancaire,relevbancaire342pdf,2023-09-18,en attente,scanagence,Document en cours d'examen par le service.
343,296,relev bancaire,relevbancaire343pdf,2023-08-09,rejet,email,Document non conforme ou incomplet.
344,386,relev bancaire,relevbancaire344pdf,2024-03-05,valid,formulaire,Document verifie et valide avec succes.
345,136,attestation de travail,attestationdetravail345pdf,2023-12-17,en attente,formulaire,Document en cours d'examen par le service.
346,62,justificatif de domicile,justificatifdedomicile346pdf,2023-10-14,rejet,email,Document non conforme ou incomplet.
347,220,contrat,contrat347pdf,2023-11-05,en attente,formulaire,Document en cours d'examen par le service.
348,1,justificatif de domicile,justificatifdedomicile348pdf,2024-07-19,en attente,uploadclient,Document en cours d'examen par le service.
349,96,contrat,contrat349pdf,2024-05-01,en attente,uploadclient,Document en cours d'examen par le service.
350,338,relev bancaire,relevbancaire350pdf,2023-08-08,valid,formulaire,Document verifie et valide avec succes.
351,133,attestation de travail,attestationdetravail351pdf,2024-05-22,valid,email,Document verifie et valide avec succes.
352,266,photo,photo352pdf,2023-08-02,en attente,email,Document en cours d'examen par le service.
353,220,photo,photo353pdf,2023-10-18,valid,uploadclient,Document verifie et valide avec succes.
354,474,relev bancaire,relevbancaire354pdf,2024-02-17,valid,scanagence,Document verifie et valide avec succes.
355,282,cin,cin355pdf,2023-09-16,en attente,scanagence,Document en cours d'examen par le service.
356,441,contrat,contrat356pdf,2025-03-06,valid,uploadclient,Document verifie et valide avec succes.
357,11,photo,photo357pdf,2023-10-02,valid,formulaire,Document verifie et valide avec succes.
358,305,contrat,contrat358pdf,2024-04-28,rejet,scanagence,Document non conforme ou incomplet.
359,298,justificatif de domicile,justificatifdedomicile359pdf,2024-10-22,valid,scanagence,Document verifie et valide avec succes.
360,321,relev bancaire,relevbancaire360pdf,2024-04-28,valid,uploadclient,Document verifie et valide avec succes.
361,304,cin,cin361pdf,2025-03-17,rejet,email,Document non conforme ou incomplet.
362,326,justificatif de domicile,justificatifdedomicile362pdf,2024-06-21,valid,email,Document verifie et valide avec succes.
363,42,contrat,contrat363pdf,2024-12-08,en attente,scanagence,Document en cours d'examen par le service.
364,444,cin,cin364pdf,2025-02-24,rejet,scanagence,Document non conforme ou incomplet.
365,162,photo,photo365pdf,2025-01-03,rejet,uploadclient,Document non conforme ou incomplet.
366,408,cin,cin366pdf,2024-07-19,valid,scanagence,Document verifie et valide avec succes.
367,474,justificatif de domicile,justificatifdedomicile367pdf,2023-06-22,en attente,scanagence,Document en cours d'examen par le service.
368,405,relev bancaire,relevbancaire368pdf,2025-02-19,en attente,scanagence,Document en cours d'examen par le service.
369,379,relev bancaire,relevbancaire369pdf,2023-12-07,rejet,email,Document non conforme ou incomplet.
370,221,justificatif de domicile,justificatifdedomicile370pdf,2025-01-26,valid,uploadclient,Document verifie et valide avec succes.
371,431,justificatif de domicile,justificatifdedomicile371pdf,2024-02-18,valid,scanagence,Document verifie et valide avec succes.
372,283,relev bancaire,relevbancaire372pdf,2024-06-15,valid,uploadclient,Document verifie et valide avec succes.
373,17,contrat,contrat373pdf,2023-12-18,en attente,uploadclient,Document en cours d'examen par le service.
374,54,justificatif de domicile,justificatifdedomicile374pdf,2025-03-05,en attente,formulaire,Document en cours d'examen par le service.
375,195,cin,cin375pdf,2024-08-07,en attente,email,Document en cours d'examen par le service.
376,260,justificatif de domicile,justificatifdedomicile376pdf,2024-02-05,en attente,email,Document en cours d'examen par le service.
377,490,photo,photo377pdf,2023-07-01,valid,uploadclient,Document verifie et valide avec succes.
378,184,photo,photo378pdf,2024-09-15,en attente,uploadclient,Document en cours d'examen par le service.
379,331,justificatif de domicile,justificatifdedomicile379pdf,2025-02-10,valid,formulaire,Document verifie et valide avec succes.
380,12,attestation de travail,attestationdetravail380pdf,2025-03-12,valid,formulaire,Document verifie et valide avec succes.
381,471,contrat,contrat381pdf,2024-04-11,en attente,uploadclient,Document en cours d'examen par le service.
382,299,cin,cin382pdf,2024-04-05,en attente,uploadclient,Document en cours d'examen par le service.
383,472,justificatif de domicile,justificatifdedomicile383pdf,2023-08-13,en attente,formulaire,Document en cours d'examen par le service.
384,177,justificatif de domicile,justificatifdedomicile384pdf,2024-08-28,en attente,uploadclient,Document en cours d'examen par le service.
385,162,cin,cin385pdf,2023-09-19,valid,formulaire,Document verifie et valide avec succes.
386,105,photo,photo386pdf,2023-11-28,en attente,email,Document en cours d'examen par le service.
387,289,justificatif de domicile,justificatifdedomicile387pdf,2023-10-06,rejet,formulaire,Document non conforme ou incomplet.
388,252,photo,photo388pdf,2023-12-03,rejet,uploadclient,Document non conforme ou incomplet.
389,337,relev bancaire,relevbancaire389pdf,2024-01-11,en attente,scanagence,Document en cours d'examen par le service.
390,460,contrat,contrat390pdf,2023-10-01,rejet,email,Document non conforme ou incomplet.
391,305,contrat,contrat391pdf,2024-07-17,rejet,email,Document non conforme ou incomplet.
392,404,attestation de travail,attestationdetravail392pdf,2023-05-31,valid,email,Document verifie et valide avec succes.
393,255,attestation de travail,attestationdetravail393pdf,2025-01-25,rejet,uploadclient,Document non conforme ou incomplet.
394,308,cin,cin394pdf,2024-05-12,en attente,uploadclient,Document en cours d'examen par le service.
395,472,contrat,contrat395pdf,2023-10-31,rejet,uploadclient,Document non conforme ou incomplet.
396,206,justificatif de domicile,justificatifdedomicile396pdf,2024-03-06,en attente,scanagence,Document en cours d'examen par le service.
397,321,relev bancaire,relevbancaire397pdf,2023-11-01,rejet,formulaire,Document non conforme ou incomplet.
398,137,justificatif de domicile,justificatifdedomicile398pdf,2023-09-01,valid,uploadclient,Document verifie et valide avec succes.
399,165,relev bancaire,relevbancaire399pdf,2023-11-08,rejet,formulaire,Document non conforme ou incomplet.
400,419,attestation de travail,attestationdetravail400pdf,2024-07-31,valid,uploadclient,Document verifie et valide avec succes.
401,114,contrat,contrat401pdf,2023-10-14,rejet,formulaire,Document non conforme ou incomplet.
402,176,cin,cin402pdf,2025-03-29,en attente,email,Document en cours d'examen par le service.
403,58,justificatif de domicile,justificatifdedomicile403pdf,2024-06-14,valid,email,Document verifie et valide avec succes.
404,458,photo,photo404pdf,2024-08-01,en attente,uploadclient,Document en cours d'examen par le service.
405,372,photo,photo405pdf,2023-06-22,valid,formulaire,Document verifie et valide avec succes.
406,61,relev bancaire,relevbancaire406pdf,2023-07-13,rejet,formulaire,Document non conforme ou incomplet.
407,202,justificatif de domicile,justificatifdedomicile407pdf,2024-04-27,valid,formulaire,Document verifie et valide avec succes.
408,143,attestation de travail,attestationdetravail408pdf,2025-03-09,en attente,scanagence,Document en cours d'examen par le service.
409,404,cin,cin409pdf,2024-05-07,valid,formulaire,Document verifie et valide avec succes.
410,392,relev bancaire,relevbancaire410pdf,2023-07-14,valid,uploadclient,Document verifie et valide avec succes.
411,291,contrat,contrat411pdf,2023-06-27,valid,uploadclient,Document verifie et valide avec succes.
412,3,cin,cin412pdf,2024-06-17,valid,formulaire,Document verifie et valide avec succes.
413,141,justificatif de domicile,justificatifdedomicile413pdf,2023-12-26,rejet,email,Document non conforme ou incomplet.
414,197,justificatif de domicile,justificatifdedomicile414pdf,2024-02-18,valid,email,Document verifie et valide avec succes.
415,161,relev bancaire,relevbancaire415pdf,2025-03-04,rejet,uploadclient,Document non conforme ou incomplet.
416,337,contrat,contrat416pdf,2024-05-28,rejet,uploadclient,Document non conforme ou incomplet.
417,335,contrat,contrat417pdf,2024-04-11,rejet,email,Document non conforme ou incomplet.
418,231,relev bancaire,relevbancaire418pdf,2023-11-05,valid,uploadclient,Document verifie et valide avec succes.
419,206,relev bancaire,relevbancaire419pdf,2024-11-27,en attente,uploadclient,Document en cours d'examen par le service.
420,139,contrat,contrat420pdf,2025-02-09,valid,email,Document verifie et valide avec succes.
421,490,photo,photo421pdf,2023-09-16,rejet,scanagence,Document non conforme ou incomplet.
422,26,cin,cin422pdf,2023-09-28,en attente,uploadclient,Document en cours d'examen par le service.
423,18,photo,photo423pdf,2024-07-26,valid,uploadclient,Document verifie et valide avec succes.
424,314,attestation de travail,attestationdetravail424pdf,2024-12-01,rejet,uploadclient,Document non conforme ou incomplet.
425,97,photo,photo425pdf,2024-09-05,rejet,scanagence,Document non conforme ou incomplet.
426,492,cin,cin426pdf,2023-08-09,en attente,scanagence,Document en cours d'examen par le service.
427,391,attestation de travail,attestationdetravail427pdf,2023-08-17,en attente,scanagence,Document en cours d'examen par le service.
428,229,contrat,contrat428pdf,2024-07-01,valid,email,Document verifie et valide avec succes.
429,295,cin,cin429pdf,2025-03-30,en attente,uploadclient,Document en cours d'examen par le service.
430,265,contrat,contrat430pdf,2024-06-07,en attente,uploadclient,Document en cours d'examen par le service.
431,30,cin,cin431pdf,2023-06-24,en attente,uploadclient,Document en cours d'examen par le service.
432,51,attestation de travail,attestationdetravail432pdf,2024-06-24,rejet,uploadclient,Document non conforme ou incomplet.
433,430,relev bancaire,relevbancaire433pdf,2024-03-10,rejet,uploadclient,Document non conforme ou incomplet.
434,371,photo,photo434pdf,2024-07-17,en attente,formulaire,Document en cours d'examen par le service.
435,354,relev bancaire,relevbancaire435pdf,2024-01-25,rejet,email,Document non conforme ou incomplet.
436,97,contrat,contrat436pdf,2023-12-24,rejet,uploadclient,Document non conforme ou incomplet.
437,375,photo,photo437pdf,2023-11-14,en attente,formulaire,Document en cours d'examen par le service.
438,132,attestation de travail,attestationdetravail438pdf,2023-09-25,rejet,scanagence,Document non conforme ou incomplet.
439,55,relev bancaire,relevbancaire439pdf,2024-01-09,en attente,scanagence,Document en cours d'examen par le service.
440,375,attestation de travail,attestationdetravail440pdf,2025-04-14,rejet,uploadclient,Document non conforme ou incomplet.
441,409,cin,cin441pdf,2023-12-13,en attente,formulaire,Document en cours d'examen par le service.
442,91,contrat,contrat442pdf,2024-10-14,rejet,uploadclient,Document non conforme ou incomplet.
443,322,cin,cin443pdf,2024-03-11,rejet,scanagence,Document non conforme ou incomplet.
444,269,cin,cin444pdf,2024-06-23,en attente,uploadclient,Document en cours d'examen par le service.
445,128,attestation de travail,attestationdetravail445pdf,2024-05-16,rejet,scanagence,Document non conforme ou incomplet.
446,279,relev bancaire,relevbancaire446pdf,2025-02-10,en attente,uploadclient,Document en cours d'examen par le service.
447,428,cin,cin447pdf,2024-02-10,rejet,uploadclient,Document non conforme ou incomplet.
448,215,justificatif de domicile,justificatifdedomicile448pdf,2023-05-06,rejet,uploadclient,Document non conforme ou incomplet.
449,280,relev bancaire,relevbancaire449pdf,2024-01-16,valid,uploadclient,Document verifie et valide avec succes.
450,160,attestation de travail,attestationdetravail450pdf,2024-07-03,rejet,scanagence,Document non conforme ou incomplet.
451,401,relev bancaire,relevbancaire451pdf,2024-11-15,en attente,uploadclient,Document en cours d'examen par le service.
452,483,cin,cin452pdf,2024-10-23,en attente,scanagence,Document en cours d'examen par le service.
453,211,relev bancaire,relevbancaire453pdf,2024-07-16,rejet,email,Document non conforme ou incomplet.
454,95,attestation de travail,attestationdetravail454pdf,2024-11-15,valid,email,Document verifie et valide avec succes.
455,280,relev bancaire,relevbancaire455pdf,2023-11-06,en attente,email,Document en cours d'examen par le service.
456,409,attestation de travail,attestationdetravail456pdf,2025-01-29,rejet,email,Document non conforme ou incomplet.
457,131,cin,cin457pdf,2025-04-09,rejet,uploadclient,Document non conforme ou incomplet.
458,15,cin,cin458pdf,2024-05-15,rejet,uploadclient,Document non conforme ou incomplet.
459,154,relev bancaire,relevbancaire459pdf,2025-01-25,en attente,email,Document en cours d'examen par le service.
460,381,photo,photo460pdf,2024-09-22,en attente,email,Document en cours d'examen par le service.
461,216,justificatif de domicile,justificatifdedomicile461pdf,2024-04-17,valid,email,Document verifie et valide avec succes.
462,315,justificatif de domicile,justificatifdedomicile462pdf,2023-09-16,rejet,formulaire,Document non conforme ou incomplet.
463,407,contrat,contrat463pdf,2024-10-13,valid,uploadclient,Document verifie et valide avec succes.
464,206,attestation de travail,attestationdetravail464pdf,2024-09-15,en attente,formulaire,Document en cours d'examen par le service.
465,132,relev bancaire,relevbancaire465pdf,2024-02-07,rejet,email,Document non conforme ou incomplet.
466,496,justificatif de domicile,justificatifdedomicile466pdf,2024-07-16,valid,scanagence,Document verifie et valide avec succes.
467,304,cin,cin467pdf,2024-04-11,en attente,formulaire,Document en cours d'examen par le service.
468,178,cin,cin468pdf,2023-08-04,en attente,uploadclient,Document en cours d'examen par le service.
469,143,cin,cin469pdf,2024-01-24,valid,email,Document verifie et valide avec succes.
470,120,cin,cin470pdf,2023-07-15,en attente,formulaire,Document en cours d'examen par le service.
471,409,justificatif de domicile,justificatifdedomicile471pdf,2024-02-08,en attente,formulaire,Document en cours d'examen par le service.
472,53,contrat,contrat472pdf,2023-12-19,rejet,scanagence,Document non conforme ou incomplet.
473,398,justificatif de domicile,justificatifdedomicile473pdf,2024-12-31,en attente,formulaire,Document en cours d'examen par le service.
474,106,attestation de travail,attestationdetravail474pdf,2024-07-25,valid,scanagence,Document verifie et valide avec succes.
475,463,relev bancaire,relevbancaire475pdf,2024-08-10,valid,formulaire,Document verifie et valide avec succes.
476,237,cin,cin476pdf,2024-05-23,valid,formulaire,Document verifie et valide avec succes.
477,259,justificatif de domicile,justificatifdedomicile477pdf,2024-05-01,en attente,uploadclient,Document en cours d'examen par le service.
478,406,justificatif de domicile,justificatifdedomicile478pdf,2023-11-07,valid,formulaire,Document verifie et valide avec succes.
479,172,cin,cin479pdf,2023-09-11,valid,email,Document verifie et valide avec succes.
480,452,justificatif de domicile,justificatifdedomicile480pdf,2024-08-05,en attente,uploadclient,Document en cours d'examen par le service.
481,498,cin,cin481pdf,2024-01-24,rejet,scanagence,Document non conforme ou incomplet.
482,331,justificatif de domicile,justificatifdedomicile482pdf,2023-12-25,valid,scanagence,Document verifie et valide avec succes.
483,27,contrat,contrat483pdf,2023-10-30,rejet,scanagence,Document non conforme ou incomplet.
484,142,relev bancaire,relevbancaire484pdf,2023-11-28,rejet,formulaire,Document non conforme ou incomplet.
485,400,attestation de travail,attestationdetravail485pdf,2024-03-19,rejet,formulaire,Document non conforme ou incomplet.
486,368,cin,cin486pdf,2023-06-01,rejet,email,Document non conforme ou incomplet.
487,58,justificatif de domicile,justificatifdedomicile487pdf,2024-08-18,valid,uploadclient,Document verifie et valide avec succes.
488,260,relev bancaire,relevbancaire488pdf,2024-02-04,en attente,scanagence,Document en cours d'examen par le service.
489,431,relev bancaire,relevbancaire489pdf,2023-10-03,en attente,formulaire,Document en cours d'examen par le service.
490,352,relev bancaire,relevbancaire490pdf,2024-02-07,valid,uploadclient,Document verifie et valide avec succes.
491,478,photo,photo491pdf,2024-12-11,en attente,scanagence,Document en cours d'examen par le service.
492,78,justificatif de domicile,justificatifdedomicile492pdf,2025-02-09,en attente,uploadclient,Document en cours d'examen par le service.
493,421,relev bancaire,relevbancaire493pdf,2024-05-08,valid,formulaire,Document verifie et valide avec succes.
494,240,relev bancaire,relevbancaire494pdf,2023-07-16,en attente,uploadclient,Document en cours d'examen par le service.
495,314,attestation de travail,attestationdetravail495pdf,2023-12-19,en attente,scanagence,Document en cours d'examen par le service.
496,107,contrat,contrat496pdf,2023-07-29,valid,scanagence,Document verifie et valide avec succes.
497,223,justificatif de domicile,justificatifdedomicile497pdf,2024-02-01,valid,uploadclient,Document verifie et valide avec succes.
498,49,attestation de travail,attestationdetravail498pdf,2023-10-18,valid,scanagence,Document verifie et valide avec succes.
499,450,cin,cin499pdf,2024-10-30,rejet,email,Document non conforme ou incomplet.
500,416,relev bancaire,relevbancaire500pdf,2024-06-26,en attente,uploadclient,Document en cours d'examen par le service.
