id_employe,nom,prenom,poste,departement,telephone,email,adresse,date_embauche,salaire_mensuel
1,bensaid,karim,charg de clientle,relations clients,639517099,karimbensaidbanquema,184 rue bakkali sidi marouf tanger maroc,2012-07-19,22161.98
2,alaoui,nadia,analyste,relations clients,624449015,nadiaalaouibanquema,96 rue elidrissi yacoub el mansour fes maroc,2012-02-04,9194.7
3,chouaib,zineb,charg de clientle,finances,621659353,zinebchouaibbanquema,72 rue sekkat agdal oujda maroc,2024-04-23,25591.84
4,moutawakil,abdelaziz,guichetier,relations clients,623623588,abdelazizmoutawakilbanquema,218 rue boukhriss tabriquet fes maroc,2019-09-21,4747.43
5,boukhriss,ilham,conseiller,it,631445813,ilhamboukhrissbanquema,227 rue elalami ain sebaa rabat maroc,2016-03-14,20157.34
6,bennani,abdelaziz,guichetier,agence,667913253,abdelazizbennanibanquema,43 rue bennis hay riad ttouan maroc,2021-11-21,24542.59
7,maaroufi,malak,conseiller,finances,676313197,malakmaaroufibanquema,38 rue rguig mdina ttouan maroc,2015-04-20,12725.26
8,lahlou,yassine,charg de clientle,conformit,626782946,yassinelahloubanquema,277 rue chakiri sidi marouf ttouan maroc,2016-08-24,22812.95
9,chouaib,mehdi,gestionnaire,it,640756225,mehdichouaibbanquema,111 rue boukhriss gueliz rabat maroc,2018-07-29,17795.41
10,bennani,karim,charg de clientle,risques,649158335,karimbennanibanquema,47 rue hariri mdina temara maroc,2024-06-25,5486.79
11,moutawakil,othmane,charg de clientle,risques,616200582,othmanemoutawakilbanquema,153 rue moutawakil oasis marrakech maroc,2024-07-05,18377.4
12,naciri,mouna,directeur,finances,673267640,mounanaciribanquema,131 rue chakiri hay riad rabat maroc,2011-01-28,15480.65
13,chouaib,imane,directeur,it,654457665,imanechouaibbanquema,33 rue fassi sidi moumen ttouan maroc,2015-09-24,4631.35
14,jebari,zineb,charg de clientle,finances,637262744,zinebjebaribanquema,44 rue elmansouri bourgogne marrakech maroc,2017-09-15,10467.02
15,fadili,malak,charg de clientle,conformit,615118359,malakfadilibanquema,44 rue fadili hay riad tanger maroc,2023-07-26,26249.6
16,hariri,ikram,conseiller,finances,696237148,ikramhariribanquema,61 rue hariri yacoub el mansour kenitra maroc,2018-11-28,4410.79
17,chakiri,ikram,analyste,finances,626979489,ikramchakiribanquema,240 rue bennis tachfine rabat maroc,2012-06-15,25031.34
18,alaoui,bouchra,analyste,risques,624971009,bouchraalaouibanquema,83 rue elmansouri sidi marouf marrakech maroc,2010-05-09,21818.02
19,amrani,amina,guichetier,risques,693020794,aminaamranibanquema,118 rue zerouali yacoub el mansour temara maroc,2024-09-05,6546.71
20,elidrissi,mouna,analyste,risques,653253408,mounaelidrissibanquema,39 rue naciri sidi moumen oujda maroc,2020-02-20,21664.33
21,rguig,anass,gestionnaire,it,628375615,anassrguigbanquema,14 rue moutawakil tabriquet rabat maroc,2012-09-17,21743.56
22,bensaid,mohamed,charg de clientle,it,689840335,mohamedbensaidbanquema,150 rue moutawakil tachfine kenitra maroc,2012-06-14,25852.68
23,amrani,abdelhak,conseiller,agence,652653860,abdelhakamranibanquema,131 rue boukhriss maarif marrakech maroc,2024-09-02,25030.48
24,zahiri,mohamed,guichetier,it,679892950,mohamedzahiribanquema,194 rue tahiri tabriquet fes maroc,2025-02-05,16853.55
25,bennis,hassan,conseiller,risques,656468876,hassanbennisbanquema,159 rue baroudi mabella marrakech maroc,2016-07-20,19455.58
26,elmansouri,ayoub,charg de clientle,agence,641908883,ayoubelmansouribanquema,204 rue bennani tabriquet kenitra maroc,2018-10-04,11077.22
27,bennis,ibrahim,directeur,conformit,656705847,ibrahimbennisbanquema,236 rue hariri oasis agadir maroc,2024-06-07,5788.99
28,lahlou,laila,conseiller,agence,677778425,lailalahloubanquema,218 rue elidrissi tabriquet marrakech maroc,2010-04-22,5963.44
29,maaroufi,hiba,directeur,agence,616505289,hibamaaroufibanquema,89 rue amrani yacoub el mansour fes maroc,2022-05-22,10335.79
30,boukhriss,samira,guichetier,agence,631432300,samiraboukhrissbanquema,280 rue jebari agdal casablanca maroc,2020-01-29,6562.04
31,elidrissi,hiba,gestionnaire,conformit,614231385,hibaelidrissibanquema,121 rue zahiri mdina fes maroc,2010-08-12,9121.66
32,tahiri,youssef,analyste,risques,695520167,yousseftahiribanquema,63 rue tahiri ain sebaa oujda maroc,2022-10-18,14798.73
33,elkhatib,mouna,guichetier,conformit,674274737,mounaelkhatibbanquema,45 rue baroudi sidi moumen temara maroc,2011-02-25,13889.77
34,elkhatib,reda,analyste,relations clients,675242156,redaelkhatibbanquema,157 rue baroudi sidi moumen temara maroc,2011-05-20,8788.87
35,bennani,fatima,conseiller,relations clients,623384614,fatimabennanibanquema,42 rue boukhriss gueliz tanger maroc,2021-01-21,27746.44
36,chouaib,siham,conseiller,conformit,659014146,sihamchouaibbanquema,138 rue elidrissi hay riad oujda maroc,2017-02-05,21453.59
37,zerouali,othmane,conseiller,it,671576114,othmanezeroualibanquema,93 rue touil agdal tanger maroc,2014-01-15,13654.17
38,chraibi,siham,charg de clientle,finances,645545068,sihamchraibibanquema,42 rue bennis tabriquet ttouan maroc,2022-04-14,13406.98
39,alaoui,abdelhak,analyste,finances,692790229,abdelhakalaouibanquema,242 rue chakiri sidi moumen oujda maroc,2016-02-16,12799.22
40,zerouali,siham,conseiller,risques,676909725,sihamzeroualibanquema,233 rue rguig gueliz ttouan maroc,2017-04-12,15418.96
41,tahiri,siham,analyste,risques,628973877,sihamtahiribanquema,213 rue chraibi ain sebaa temara maroc,2014-12-26,19201.01
42,elalami,rachid,analyste,it,661228594,rachidelalamibanquema,206 rue chraibi mabella fes maroc,2011-03-16,9687.73
43,elkhatib,abdelhak,guichetier,it,623213142,abdelhakelkhatibbanquema,107 rue chouaib yacoub el mansour tanger maroc,2018-02-13,25997.75
44,elmansouri,anass,guichetier,conformit,628762277,anasselmansouribanquema,24 rue zahiri sidi marouf agadir maroc,2013-03-23,21037.2
45,lahlou,soukaina,analyste,risques,662476756,soukainalahloubanquema,155 rue jebari agdal oujda maroc,2013-11-24,16850.22
46,touil,ibrahim,analyste,agence,671348078,ibrahimtouilbanquema,57 rue amrani belvdre casablanca maroc,2024-05-18,21789.14
47,zahiri,rachid,conseiller,it,640435778,rachidzahiribanquema,152 rue elmansouri gueliz tanger maroc,2012-08-14,14316.34
48,elidrissi,nadia,conseiller,finances,674316841,nadiaelidrissibanquema,213 rue boukhriss bourgogne marrakech maroc,2015-01-16,14095.75
49,elalami,adil,conseiller,risques,674832029,adilelalamibanquema,262 rue fadili oasis ttouan maroc,2024-09-21,13812.52
50,elidrissi,mehdi,analyste,conformit,639513045,mehdielidrissibanquema,143 rue elidrissi maarif casablanca maroc,2025-01-04,19687.14
51,baroudi,mehdi,directeur,it,620570710,mehdibaroudibanquema,117 rue lahlou mabella oujda maroc,2018-04-20,29363.77
52,tahiri,laila,analyste,finances,617737798,lailatahiribanquema,86 rue bensaid agdal ttouan maroc,2013-04-29,19556.06
53,boukhriss,youssef,charg de clientle,conformit,660616239,youssefboukhrissbanquema,136 rue bennani bourgogne casablanca maroc,2018-11-12,7774.0
54,fassi,khadija,guichetier,finances,678929256,khadijafassibanquema,88 rue chakiri yacoub el mansour temara maroc,2013-01-28,16475.17
55,elmansouri,nour,charg de clientle,it,669908086,nourelmansouribanquema,275 rue fassi agdal casablanca maroc,2019-10-31,24089.59
56,elalami,amina,charg de clientle,conformit,692251573,aminaelalamibanquema,230 rue elmansouri mdina kenitra maroc,2020-09-12,17536.63
57,boukhriss,rayan,analyste,it,692450006,rayanboukhrissbanquema,146 rue ouzzani bourgogne kenitra maroc,2015-11-20,19606.95
58,bakkali,saad,directeur,it,624814798,saadbakkalibanquema,252 rue fassi agdal fes maroc,2022-07-28,26195.35
59,naciri,yassine,gestionnaire,it,622740057,yassinenaciribanquema,265 rue tahiri mdina oujda maroc,2023-09-14,17897.97
60,fassi,mohamed,charg de clientle,conformit,694804472,mohamedfassibanquema,253 rue touil agdal oujda maroc,2015-01-25,12147.96
61,sekkat,mouna,guichetier,it,622632355,mounasekkatbanquema,103 rue zerouali oasis rabat maroc,2010-05-23,15985.96
62,moutawakil,houda,conseiller,relations clients,665622207,houdamoutawakilbanquema,92 rue tahiri sidi marouf kenitra maroc,2011-04-19,19513.77
63,bennis,nadia,conseiller,it,619533564,nadiabennisbanquema,288 rue elmansouri yacoub el mansour marrakech maroc,2011-10-26,25818.69
64,touil,ilham,conseiller,relations clients,688550579,ilhamtouilbanquema,298 rue fadili tachfine ttouan maroc,2018-07-25,17790.43
65,zahiri,amina,analyste,agence,611740542,aminazahiribanquema,107 rue baroudi tabriquet rabat maroc,2019-02-26,15076.47
66,bensaid,houda,guichetier,conformit,662213041,houdabensaidbanquema,88 rue fassi tabriquet marrakech maroc,2021-05-25,9056.22
67,alaoui,siham,directeur,finances,680717093,sihamalaouibanquema,241 rue bennis agdal marrakech maroc,2024-03-14,19038.29
68,chraibi,hassan,charg de clientle,risques,673917384,hassanchraibibanquema,29 rue maaroufi mabella agadir maroc,2019-02-04,19635.79
69,tahiri,soukaina,directeur,conformit,640186567,soukainatahiribanquema,171 rue elmansouri ain sebaa tanger maroc,2013-05-31,14948.55
70,zerouali,mouna,guichetier,relations clients,626597680,mounazeroualibanquema,281 rue chraibi bourgogne ttouan maroc,2013-01-15,26115.9
71,tahiri,ibrahim,directeur,agence,653239132,ibrahimtahiribanquema,79 rue chakiri tachfine ttouan maroc,2022-01-09,15386.58
72,boukhriss,youssef,conseiller,conformit,684846712,youssefboukhrissbanquema,95 rue bakkali mabella ttouan maroc,2014-10-04,23215.4
73,fadili,zineb,conseiller,conformit,634092638,zinebfadilibanquema,216 rue fadili sidi marouf kenitra maroc,2022-07-03,29777.9
74,lahlou,nour,analyste,risques,682746008,nourlahloubanquema,20 rue fassi tabriquet oujda maroc,2018-01-02,18857.66
75,boukhriss,houda,directeur,finances,684471877,houdaboukhrissbanquema,107 rue tahiri agdal agadir maroc,2014-05-24,10077.61
76,bakkali,samira,conseiller,relations clients,642529201,samirabakkalibanquema,27 rue bennis tabriquet marrakech maroc,2011-11-02,19543.21
77,elmansouri,yassine,directeur,finances,698798695,yassineelmansouribanquema,220 rue lahlou maarif ttouan maroc,2012-08-15,26930.16
78,ouzzani,adil,gestionnaire,conformit,614309791,adilouzzanibanquema,143 rue alaoui gueliz kenitra maroc,2017-06-11,19893.25
79,sekkat,imane,directeur,conformit,635257425,imanesekkatbanquema,248 rue baroudi yacoub el mansour rabat maroc,2011-07-16,28588.41
80,alaoui,khadija,guichetier,risques,618931190,khadijaalaouibanquema,261 rue amrani oasis oujda maroc,2016-12-06,29037.77
81,bensaid,nour,conseiller,relations clients,628265078,nourbensaidbanquema,15 rue bensaid yacoub el mansour oujda maroc,2019-07-13,21078.42
82,lahlou,soukaina,charg de clientle,risques,627797823,soukainalahloubanquema,93 rue jebari mabella casablanca maroc,2023-10-29,20804.82
83,tahiri,tarik,conseiller,relations clients,640807548,tariktahiribanquema,269 rue fadili mabella rabat maroc,2023-06-12,21516.44
84,maaroufi,imane,conseiller,it,611934886,imanemaaroufibanquema,161 rue jebari oasis marrakech maroc,2016-08-26,6596.83
85,naciri,karim,directeur,risques,684188433,karimnaciribanquema,87 rue jebari belvdre agadir maroc,2010-05-30,21404.45
86,hariri,fatima,conseiller,conformit,659372757,fatimahariribanquema,144 rue maaroufi mabella fes maroc,2018-06-30,19624.0
87,chouaib,nadia,charg de clientle,it,699698735,nadiachouaibbanquema,47 rue fassi mabella tanger maroc,2011-06-05,15070.71
88,amrani,yassine,directeur,agence,687303792,yassineamranibanquema,5 rue bennis belvdre oujda maroc,2011-04-23,12032.16
89,moutawakil,nour,analyste,agence,635839651,nourmoutawakilbanquema,34 rue fadili ain sebaa ttouan maroc,2023-09-06,12317.89
90,zerouali,omar,gestionnaire,agence,695018569,omarzeroualibanquema,167 rue amrani sidi marouf agadir maroc,2016-04-13,17222.84
91,zerouali,imane,conseiller,conformit,619475654,imanezeroualibanquema,39 rue hariri sidi marouf oujda maroc,2019-11-15,9190.48
92,elalami,salma,gestionnaire,risques,687565391,salmaelalamibanquema,93 rue tahiri belvdre ttouan maroc,2021-03-21,4916.05
93,zahiri,mouna,charg de clientle,relations clients,688260480,mounazahiribanquema,196 rue rguig oasis kenitra maroc,2022-03-07,19598.66
94,chraibi,saad,analyste,agence,682109744,saadchraibibanquema,120 rue maaroufi mdina ttouan maroc,2023-02-12,18785.71
95,amrani,youssef,gestionnaire,risques,612180043,youssefamranibanquema,99 rue bennis tabriquet temara maroc,2011-04-23,24369.48
96,jebari,omar,analyste,relations clients,610295360,omarjebaribanquema,77 rue jebari tachfine agadir maroc,2011-11-11,21507.04
97,elmansouri,nour,charg de clientle,it,650252966,nourelmansouribanquema,98 rue touil oasis agadir maroc,2012-04-12,18008.75
98,maaroufi,mouna,charg de clientle,it,623761023,mounamaaroufibanquema,242 rue moutawakil hay riad agadir maroc,2020-01-28,13912.47
99,fadili,malak,directeur,finances,668338774,malakfadilibanquema,20 rue elmansouri mabella agadir maroc,2016-08-18,8568.92
100,maaroufi,hiba,directeur,agence,654260904,hibamaaroufibanquema,69 rue elidrissi oasis fes maroc,2010-04-28,15693.94
101,touil,yassine,charg de clientle,it,685087085,yassinetouilbanquema,178 rue zahiri sidi moumen casablanca maroc,2020-09-09,24980.98
102,moutawakil,othmane,conseiller,risques,694765913,othmanemoutawakilbanquema,246 rue zerouali bourgogne agadir maroc,2013-05-02,18802.27
103,naciri,othmane,gestionnaire,agence,653314199,othmanenaciribanquema,168 rue touil belvdre oujda maroc,2024-08-29,25827.18
104,bensaid,ayoub,gestionnaire,it,626723636,ayoubbensaidbanquema,133 rue chouaib maarif tanger maroc,2018-03-13,9236.64
105,bennani,ikram,gestionnaire,relations clients,683884008,ikrambennanibanquema,141 rue chakiri mdina ttouan maroc,2024-01-15,9518.93
106,boukhriss,soukaina,gestionnaire,relations clients,660639183,soukainaboukhrissbanquema,206 rue hariri tachfine ttouan maroc,2012-02-29,15172.19
107,ouzzani,adil,analyste,conformit,612201320,adilouzzanibanquema,133 rue chouaib sidi moumen ttouan maroc,2024-03-11,6768.78
108,lahlou,fatima,gestionnaire,relations clients,645012338,fatimalahloubanquema,27 rue amrani sidi moumen oujda maroc,2021-06-25,27612.81
109,amrani,fatima,conseiller,finances,670133687,fatimaamranibanquema,269 rue boukhriss tabriquet marrakech maroc,2011-10-09,14196.91
110,zerouali,houda,directeur,agence,697593071,houdazeroualibanquema,167 rue elkhatib oasis oujda maroc,2015-08-31,18113.31
111,elmansouri,abdelaziz,charg de clientle,finances,675953891,abdelazizelmansouribanquema,50 rue elalami tachfine casablanca maroc,2013-06-20,10779.75
112,fadili,imane,charg de clientle,relations clients,691966264,imanefadilibanquema,107 rue moutawakil belvdre marrakech maroc,2017-07-29,18962.58
113,bakkali,fatima,analyste,relations clients,654979545,fatimabakkalibanquema,9 rue baroudi mdina agadir maroc,2011-09-06,26278.68
114,ouzzani,mehdi,charg de clientle,conformit,628215281,mehdiouzzanibanquema,160 rue bennani mdina kenitra maroc,2023-01-08,27431.22
115,fadili,imane,gestionnaire,risques,682082891,imanefadilibanquema,37 rue bensaid oasis temara maroc,2025-04-11,27387.23
116,naciri,bouchra,directeur,agence,627455427,bouchranaciribanquema,18 rue sekkat belvdre rabat maroc,2011-01-18,29488.78
117,hariri,mouna,analyste,finances,633143117,mounahariribanquema,252 rue rguig mdina temara maroc,2022-12-17,17368.22
118,naciri,youssef,directeur,it,696815386,youssefnaciribanquema,128 rue elmansouri tabriquet oujda maroc,2016-06-22,10356.84
119,tahiri,nadia,guichetier,finances,661722494,nadiatahiribanquema,27 rue hariri sidi marouf temara maroc,2014-03-05,17315.87
120,maaroufi,fatima,analyste,it,628965255,fatimamaaroufibanquema,41 rue sekkat maarif rabat maroc,2024-03-15,19030.75
121,bennis,yassine,charg de clientle,it,649452747,yassinebennisbanquema,107 rue elkhatib tabriquet rabat maroc,2024-12-21,26351.01
122,chakiri,rim,conseiller,risques,673733039,rimchakiribanquema,269 rue elalami mdina kenitra maroc,2023-10-24,14069.57
123,rguig,laila,directeur,conformit,644054988,lailarguigbanquema,217 rue touil hay riad casablanca maroc,2017-10-19,11312.73
124,baroudi,othmane,analyste,conformit,690228565,othmanebaroudibanquema,261 rue chraibi oasis agadir maroc,2011-03-18,23207.49
125,maaroufi,mehdi,guichetier,risques,630205031,mehdimaaroufibanquema,37 rue hariri ain sebaa rabat maroc,2024-04-08,13640.38
126,hariri,nadia,conseiller,relations clients,639506538,nadiahariribanquema,25 rue chouaib yacoub el mansour rabat maroc,2019-12-29,11837.78
127,sekkat,houda,guichetier,relations clients,665495867,houdasekkatbanquema,220 rue zahiri yacoub el mansour kenitra maroc,2012-08-15,10370.08
128,elalami,bouchra,gestionnaire,it,692443669,bouchraelalamibanquema,22 rue elmansouri mdina temara maroc,2013-09-13,16698.01
129,bensaid,zineb,charg de clientle,finances,646589765,zinebbensaidbanquema,192 rue bennis tabriquet kenitra maroc,2011-01-19,20901.64
130,jebari,zakaria,analyste,conformit,635536025,zakariajebaribanquema,182 rue sekkat gueliz tanger maroc,2010-11-11,15952.09
131,boukhriss,fatima,gestionnaire,relations clients,666356892,fatimaboukhrissbanquema,200 rue chouaib yacoub el mansour marrakech maroc,2018-03-04,11316.21
132,boukhriss,laila,directeur,agence,672712681,lailaboukhrissbanquema,246 rue rguig sidi marouf casablanca maroc,2011-07-06,12011.26
133,chouaib,houda,analyste,risques,652559106,houdachouaibbanquema,46 rue amrani belvdre marrakech maroc,2024-01-30,20945.26
134,touil,amina,charg de clientle,conformit,614337677,aminatouilbanquema,30 rue naciri sidi moumen ttouan maroc,2017-08-16,5209.29
135,sekkat,tarik,directeur,conformit,663476100,tariksekkatbanquema,210 rue moutawakil tabriquet casablanca maroc,2020-05-27,17162.26
136,maaroufi,soukaina,charg de clientle,conformit,654765932,soukainamaaroufibanquema,126 rue elmansouri mdina agadir maroc,2015-08-24,14989.33
137,maaroufi,yassine,analyste,relations clients,627466246,yassinemaaroufibanquema,103 rue sekkat bourgogne fes maroc,2021-11-18,29580.19
138,baroudi,mohamed,charg de clientle,agence,686587303,mohamedbaroudibanquema,239 rue elkhatib belvdre casablanca maroc,2010-07-22,5823.63
139,tahiri,mouna,conseiller,agence,666561395,mounatahiribanquema,186 rue zerouali sidi moumen agadir maroc,2010-05-20,19600.18
140,chraibi,othmane,conseiller,agence,652192439,othmanechraibibanquema,205 rue zerouali sidi moumen temara maroc,2018-07-15,18238.08
141,hariri,salma,analyste,relations clients,647135605,salmahariribanquema,230 rue naciri hay riad temara maroc,2014-09-01,5989.02
142,tahiri,karim,gestionnaire,conformit,622483511,karimtahiribanquema,218 rue alaoui yacoub el mansour kenitra maroc,2022-03-23,23866.98
143,rguig,zakaria,charg de clientle,it,671949302,zakariarguigbanquema,1 rue boukhriss tachfine kenitra maroc,2024-06-04,14701.83
144,hariri,samira,conseiller,conformit,692424462,samirahariribanquema,76 rue lahlou bourgogne temara maroc,2021-06-04,13694.46
145,chakiri,abdelhak,charg de clientle,it,680699733,abdelhakchakiribanquema,192 rue elkhatib mdina oujda maroc,2011-10-12,5762.78
146,lahlou,saad,gestionnaire,conformit,634223703,saadlahloubanquema,119 rue elkhatib mabella marrakech maroc,2025-03-25,8834.33
147,rguig,soukaina,charg de clientle,risques,674582711,soukainarguigbanquema,143 rue zerouali mdina casablanca maroc,2018-11-18,20201.69
148,rguig,imane,conseiller,risques,657587342,imanerguigbanquema,130 rue bennani agdal fes maroc,2020-01-26,26767.44
149,elidrissi,samira,analyste,risques,651275753,samiraelidrissibanquema,158 rue bensaid maarif oujda maroc,2023-08-31,9543.56
150,ouzzani,khadija,directeur,relations clients,632502892,khadijaouzzanibanquema,257 rue bakkali yacoub el mansour agadir maroc,2015-08-14,11780.04
151,jebari,omar,directeur,agence,645226197,omarjebaribanquema,168 rue bennis hay riad casablanca maroc,2019-11-11,4433.86
152,fadili,saad,guichetier,finances,696589185,saadfadilibanquema,259 rue bensaid tabriquet marrakech maroc,2022-05-29,29794.92
153,elidrissi,nadia,conseiller,risques,650593660,nadiaelidrissibanquema,255 rue bensaid belvdre oujda maroc,2015-11-15,6344.49
154,touil,abdelhak,directeur,it,628972245,abdelhaktouilbanquema,97 rue elkhatib ain sebaa rabat maroc,2022-03-14,13721.09
155,boukhriss,nadia,gestionnaire,it,638190740,nadiaboukhrissbanquema,41 rue moutawakil ain sebaa tanger maroc,2015-04-16,24171.33
156,moutawakil,saad,directeur,it,654005745,saadmoutawakilbanquema,282 rue bennis yacoub el mansour rabat maroc,2014-03-02,24975.01
157,bennani,rayan,gestionnaire,relations clients,632925613,rayanbennanibanquema,39 rue alaoui belvdre temara maroc,2024-02-05,12587.59
158,naciri,ilham,guichetier,risques,693326883,ilhamnaciribanquema,236 rue moutawakil oasis rabat maroc,2021-04-17,17988.96
159,sekkat,rachid,conseiller,it,686764444,rachidsekkatbanquema,160 rue elidrissi hay riad ttouan maroc,2012-09-13,27179.74
160,chraibi,hassan,analyste,risques,644655142,hassanchraibibanquema,273 rue amrani hay riad casablanca maroc,2023-11-15,10737.01
161,lahlou,othmane,directeur,it,691640102,othmanelahloubanquema,81 rue fassi belvdre fes maroc,2019-12-17,16046.07
162,zerouali,mouna,gestionnaire,finances,618497890,mounazeroualibanquema,53 rue zahiri sidi marouf casablanca maroc,2019-03-08,8023.18
163,fadili,nour,conseiller,risques,663898807,nourfadilibanquema,45 rue jebari agdal agadir maroc,2018-04-10,10485.92
164,bakkali,houda,guichetier,agence,653047353,houdabakkalibanquema,28 rue amrani hay riad tanger maroc,2017-05-02,8935.04
165,naciri,karim,conseiller,conformit,681514416,karimnaciribanquema,231 rue chouaib maarif agadir maroc,2020-05-24,22517.46
166,fadili,amina,gestionnaire,finances,692397790,aminafadilibanquema,209 rue moutawakil bourgogne ttouan maroc,2019-10-02,21254.74
167,bakkali,salma,directeur,finances,650993688,salmabakkalibanquema,222 rue maaroufi oasis kenitra maroc,2020-01-21,7111.66
168,elidrissi,imane,gestionnaire,it,664574223,imaneelidrissibanquema,51 rue chakiri sidi moumen ttouan maroc,2013-12-07,10939.42
169,chakiri,amina,charg de clientle,agence,692963151,aminachakiribanquema,43 rue alaoui belvdre oujda maroc,2025-01-09,4595.6
170,fassi,samira,charg de clientle,conformit,617901857,samirafassibanquema,48 rue elkhatib mabella oujda maroc,2024-11-22,17687.34
171,chakiri,saad,guichetier,relations clients,681879932,saadchakiribanquema,64 rue elalami gueliz agadir maroc,2017-04-25,25429.9
172,alaoui,omar,directeur,conformit,677004355,omaralaouibanquema,43 rue baroudi tachfine fes maroc,2016-03-02,14454.82
173,baroudi,samira,gestionnaire,risques,614090552,samirabaroudibanquema,196 rue chakiri sidi moumen ttouan maroc,2012-07-17,20417.11
174,bensaid,rayan,gestionnaire,risques,656340372,rayanbensaidbanquema,2 rue elkhatib mabella rabat maroc,2020-06-06,7617.96
175,naciri,houda,analyste,agence,694194414,houdanaciribanquema,68 rue elidrissi gueliz kenitra maroc,2014-09-05,22289.94
176,zahiri,laila,gestionnaire,finances,645880608,lailazahiribanquema,238 rue alaoui maarif casablanca maroc,2015-01-19,20007.8
177,tahiri,omar,conseiller,risques,672153630,omartahiribanquema,98 rue elidrissi tabriquet agadir maroc,2018-05-04,19861.57
178,amrani,soukaina,charg de clientle,agence,678681848,soukainaamranibanquema,23 rue bakkali gueliz tanger maroc,2023-05-03,22368.92
179,chakiri,ilham,gestionnaire,agence,648659554,ilhamchakiribanquema,195 rue bennani maarif oujda maroc,2012-04-09,8511.07
180,alaoui,imane,directeur,relations clients,658132110,imanealaouibanquema,215 rue naciri maarif agadir maroc,2017-05-03,10850.74
181,naciri,ayoub,conseiller,finances,687788812,ayoubnaciribanquema,22 rue lahlou mdina ttouan maroc,2024-07-13,26636.24
182,baroudi,zakaria,charg de clientle,finances,662632484,zakariabaroudibanquema,170 rue rguig ain sebaa ttouan maroc,2022-10-08,9310.18
183,fassi,samira,guichetier,it,628057280,samirafassibanquema,182 rue rguig tachfine tanger maroc,2011-10-21,18530.46
184,elmansouri,zakaria,charg de clientle,it,667118764,zakariaelmansouribanquema,196 rue moutawakil yacoub el mansour temara maroc,2020-12-04,20209.45
185,maaroufi,youssef,guichetier,risques,696859583,youssefmaaroufibanquema,27 rue rguig oasis marrakech maroc,2023-10-18,25926.99
186,elkhatib,khadija,conseiller,finances,661296749,khadijaelkhatibbanquema,100 rue elidrissi tabriquet rabat maroc,2022-07-27,16531.85
187,ouzzani,tarik,gestionnaire,agence,687499715,tarikouzzanibanquema,41 rue chraibi bourgogne kenitra maroc,2019-01-23,9572.3
188,elkhatib,ibrahim,gestionnaire,finances,679934871,ibrahimelkhatibbanquema,132 rue sekkat agdal tanger maroc,2012-09-15,22976.17
189,elidrissi,saad,charg de clientle,agence,689070526,saadelidrissibanquema,158 rue amrani belvdre ttouan maroc,2018-05-16,10750.0
190,naciri,rayan,guichetier,it,669122877,rayannaciribanquema,120 rue jebari mdina casablanca maroc,2013-09-29,10223.58
191,moutawakil,khadija,gestionnaire,finances,617555847,khadijamoutawakilbanquema,111 rue baroudi yacoub el mansour oujda maroc,2023-12-30,22946.53
192,chakiri,ayoub,gestionnaire,relations clients,678522565,ayoubchakiribanquema,285 rue boukhriss maarif kenitra maroc,2015-08-05,25182.0
193,elmansouri,nadia,directeur,conformit,632387384,nadiaelmansouribanquema,77 rue ouzzani oasis tanger maroc,2024-02-06,28420.79
194,elidrissi,imane,conseiller,agence,682010674,imaneelidrissibanquema,85 rue lahlou ain sebaa fes maroc,2019-06-19,17700.5
195,chakiri,mouna,gestionnaire,finances,678444765,mounachakiribanquema,22 rue rguig hay riad tanger maroc,2011-09-17,15104.44
196,tahiri,karim,gestionnaire,agence,676465834,karimtahiribanquema,210 rue baroudi yacoub el mansour oujda maroc,2013-12-06,19881.11
197,elalami,tarik,directeur,conformit,674374848,tarikelalamibanquema,283 rue maaroufi tabriquet tanger maroc,2023-05-31,11298.89
198,bakkali,rayan,directeur,conformit,641011141,rayanbakkalibanquema,76 rue amrani mdina kenitra maroc,2022-08-24,9217.32
199,bensaid,salma,guichetier,it,694356947,salmabensaidbanquema,169 rue bennis tachfine tanger maroc,2023-06-19,22200.53
200,bensaid,tarik,charg de clientle,agence,621675008,tarikbensaidbanquema,235 rue boukhriss mabella temara maroc,2011-07-05,22349.61
201,jebari,ilham,directeur,agence,669560834,ilhamjebaribanquema,81 rue rguig tachfine oujda maroc,2010-11-28,25814.79
202,baroudi,siham,directeur,risques,644517026,sihambaroudibanquema,253 rue rguig sidi moumen ttouan maroc,2014-09-10,10973.74
203,rguig,houda,analyste,finances,696077332,houdarguigbanquema,184 rue chraibi agdal tanger maroc,2015-12-16,27054.74
204,bennis,ayoub,conseiller,it,611065188,ayoubbennisbanquema,219 rue maaroufi ain sebaa kenitra maroc,2011-01-29,28840.75
205,moutawakil,zakaria,conseiller,agence,635725680,zakariamoutawakilbanquema,57 rue elalami maarif fes maroc,2012-12-02,23723.62
206,bakkali,rayan,guichetier,risques,647685903,rayanbakkalibanquema,80 rue zahiri tachfine kenitra maroc,2016-04-15,17632.46
207,chraibi,adil,analyste,it,661213512,adilchraibibanquema,86 rue bensaid belvdre marrakech maroc,2023-06-26,5269.32
208,baroudi,ilham,gestionnaire,agence,695062950,ilhambaroudibanquema,26 rue amrani oasis agadir maroc,2019-11-09,11139.45
209,naciri,ibrahim,conseiller,finances,610672170,ibrahimnaciribanquema,154 rue elidrissi bourgogne marrakech maroc,2021-08-07,26632.14
210,chouaib,mouna,charg de clientle,relations clients,663719991,mounachouaibbanquema,270 rue elalami tabriquet tanger maroc,2020-09-11,6712.5
211,moutawakil,salma,directeur,risques,612116951,salmamoutawakilbanquema,214 rue fadili belvdre agadir maroc,2017-03-01,19230.03
212,fadili,ayoub,charg de clientle,relations clients,645879550,ayoubfadilibanquema,224 rue bensaid sidi moumen casablanca maroc,2014-01-29,20457.79
213,chakiri,rim,analyste,conformit,637677056,rimchakiribanquema,171 rue tahiri maarif fes maroc,2021-12-13,26166.72
214,jebari,malak,charg de clientle,it,630556385,malakjebaribanquema,55 rue bennis agdal ttouan maroc,2013-06-03,25346.3
215,moutawakil,nadia,directeur,conformit,677284894,nadiamoutawakilbanquema,79 rue naciri mabella kenitra maroc,2011-06-23,5106.92
216,amrani,houda,conseiller,conformit,643004158,houdaamranibanquema,112 rue elidrissi mabella tanger maroc,2018-04-09,16925.31
217,bakkali,salma,analyste,risques,631302349,salmabakkalibanquema,46 rue alaoui gueliz temara maroc,2015-05-10,14836.41
218,touil,othmane,directeur,finances,678719275,othmanetouilbanquema,245 rue baroudi oasis tanger maroc,2013-12-07,23458.1
219,elkhatib,bouchra,directeur,agence,674491302,bouchraelkhatibbanquema,12 rue zerouali sidi moumen temara maroc,2025-04-21,21323.9
220,fadili,rayan,analyste,finances,671214669,rayanfadilibanquema,259 rue amrani agdal ttouan maroc,2023-08-21,13628.46
221,chakiri,rayan,gestionnaire,risques,651180542,rayanchakiribanquema,50 rue naciri belvdre agadir maroc,2023-10-04,12815.38
222,hariri,rachid,guichetier,it,682678586,rachidhariribanquema,142 rue bennis bourgogne oujda maroc,2022-09-11,23742.72
223,chraibi,mouna,analyste,finances,686553029,mounachraibibanquema,173 rue hariri tabriquet temara maroc,2016-06-05,15439.34
224,rguig,houda,analyste,agence,614925845,houdarguigbanquema,164 rue ouzzani tabriquet oujda maroc,2017-10-02,13402.76
225,jebari,malak,guichetier,relations clients,651059566,malakjebaribanquema,108 rue baroudi tachfine agadir maroc,2014-08-29,17963.13
226,hariri,rim,guichetier,risques,685655486,rimhariribanquema,211 rue naciri mdina rabat maroc,2019-03-22,22874.02
227,zerouali,ikram,charg de clientle,risques,664346815,ikramzeroualibanquema,28 rue bensaid tabriquet agadir maroc,2023-04-20,11759.91
228,fassi,houda,conseiller,conformit,626775788,houdafassibanquema,238 rue chouaib mdina marrakech maroc,2025-04-19,5241.21
229,fassi,yassine,directeur,it,640697766,yassinefassibanquema,233 rue sekkat yacoub el mansour agadir maroc,2024-04-27,28984.47
230,maaroufi,youssef,guichetier,finances,627916976,youssefmaaroufibanquema,275 rue bensaid mabella agadir maroc,2014-06-03,28507.19
231,chouaib,zakaria,directeur,finances,639964212,zakariachouaibbanquema,131 rue fassi oasis tanger maroc,2016-01-17,20852.1
232,tahiri,rim,charg de clientle,finances,654130655,rimtahiribanquema,202 rue elidrissi agdal agadir maroc,2025-02-16,16157.42
233,bennis,salma,directeur,finances,659220130,salmabennisbanquema,75 rue elidrissi hay riad fes maroc,2012-11-17,18369.88
234,zerouali,ikram,directeur,it,675471290,ikramzeroualibanquema,155 rue zerouali yacoub el mansour tanger maroc,2017-06-17,6540.75
235,rguig,ayoub,charg de clientle,conformit,645231001,ayoubrguigbanquema,272 rue chraibi gueliz casablanca maroc,2019-04-27,7056.5
236,touil,nadia,charg de clientle,finances,697939599,nadiatouilbanquema,110 rue tahiri hay riad fes maroc,2011-05-02,15545.03
237,jebari,fatima,analyste,conformit,689578096,fatimajebaribanquema,129 rue elalami agdal kenitra maroc,2017-03-16,22624.25
238,boukhriss,rim,gestionnaire,finances,626708168,rimboukhrissbanquema,126 rue jebari yacoub el mansour ttouan maroc,2024-12-20,22554.76
239,ouzzani,yassine,directeur,conformit,648037456,yassineouzzanibanquema,111 rue bensaid ain sebaa casablanca maroc,2014-12-13,23931.16
240,bennani,siham,conseiller,agence,662117276,sihambennanibanquema,98 rue bennis maarif kenitra maroc,2019-08-03,6023.66
241,moutawakil,malak,analyste,conformit,624074092,malakmoutawakilbanquema,21 rue chraibi tachfine casablanca maroc,2017-09-17,4916.91
242,elalami,reda,analyste,it,614488719,redaelalamibanquema,139 rue ouzzani tabriquet ttouan maroc,2010-12-19,15244.38
243,bennis,imane,analyste,conformit,623135458,imanebennisbanquema,161 rue hariri mdina temara maroc,2022-12-26,8058.49
244,tahiri,abdelhak,gestionnaire,relations clients,683776431,abdelhaktahiribanquema,122 rue hariri tabriquet ttouan maroc,2017-08-10,15574.41
245,hariri,mouna,directeur,conformit,642232757,mounahariribanquema,220 rue bensaid hay riad tanger maroc,2017-12-03,24685.17
246,lahlou,ilham,analyste,risques,617756834,ilhamlahloubanquema,24 rue bensaid oasis ttouan maroc,2013-08-07,7453.82
247,elidrissi,ibrahim,directeur,agence,640935029,ibrahimelidrissibanquema,44 rue touil tabriquet agadir maroc,2020-04-24,23585.32
248,bennis,mohamed,analyste,finances,691013957,mohamedbennisbanquema,98 rue bennani belvdre rabat maroc,2019-08-17,8289.18
249,baroudi,karim,directeur,relations clients,640201129,karimbaroudibanquema,222 rue elalami hay riad ttouan maroc,2014-01-12,22518.95
250,tahiri,rayan,gestionnaire,agence,645974394,rayantahiribanquema,33 rue lahlou yacoub el mansour oujda maroc,2022-07-07,9096.45
251,chraibi,mohamed,directeur,conformit,640645572,mohamedchraibibanquema,234 rue hariri bourgogne casablanca maroc,2014-07-31,15360.78
252,moutawakil,hiba,directeur,risques,633368149,hibamoutawakilbanquema,13 rue elmansouri oasis fes maroc,2015-05-27,28663.17
253,hariri,nadia,directeur,conformit,689362602,nadiahariribanquema,242 rue naciri bourgogne marrakech maroc,2019-07-11,24238.5
254,amrani,laila,gestionnaire,agence,667601447,lailaamranibanquema,268 rue elalami sidi marouf temara maroc,2018-11-13,6299.98
255,chakiri,omar,charg de clientle,conformit,645413896,omarchakiribanquema,86 rue amrani tabriquet marrakech maroc,2013-08-17,8326.17
256,sekkat,saad,charg de clientle,it,675663590,saadsekkatbanquema,56 rue ouzzani agdal oujda maroc,2019-08-12,18757.83
257,chakiri,yassine,analyste,finances,652744749,yassinechakiribanquema,157 rue elalami sidi marouf ttouan maroc,2015-06-21,20358.6
258,boukhriss,samira,charg de clientle,finances,660302748,samiraboukhrissbanquema,110 rue zahiri mabella tanger maroc,2013-04-25,11284.26
259,alaoui,youssef,charg de clientle,conformit,681447247,youssefalaouibanquema,50 rue naciri ain sebaa rabat maroc,2015-09-18,12907.83
260,touil,samira,guichetier,agence,655382694,samiratouilbanquema,262 rue elkhatib hay riad kenitra maroc,2023-12-02,9358.02
261,zerouali,adil,gestionnaire,finances,667557861,adilzeroualibanquema,111 rue chouaib mabella rabat maroc,2014-03-07,24288.4
262,elidrissi,tarik,guichetier,agence,628062900,tarikelidrissibanquema,134 rue elalami agdal kenitra maroc,2016-10-24,28599.08
263,boukhriss,ilham,conseiller,agence,645831162,ilhamboukhrissbanquema,125 rue bakkali hay riad marrakech maroc,2023-11-17,6893.59
264,chouaib,saad,conseiller,it,636252326,saadchouaibbanquema,200 rue elkhatib hay riad temara maroc,2021-01-12,16523.77
265,chraibi,ayoub,conseiller,relations clients,686908094,ayoubchraibibanquema,248 rue bennani yacoub el mansour agadir maroc,2024-10-05,21196.41
266,bensaid,abdelaziz,analyste,risques,672415552,abdelazizbensaidbanquema,122 rue chraibi ain sebaa rabat maroc,2015-05-17,23252.03
267,moutawakil,mohamed,charg de clientle,relations clients,618815479,mohamedmoutawakilbanquema,248 rue lahlou oasis kenitra maroc,2017-03-18,8824.09
268,fassi,rim,gestionnaire,relations clients,680270040,rimfassibanquema,145 rue elidrissi maarif fes maroc,2012-08-25,18583.77
269,hariri,karim,guichetier,agence,687081624,karimhariribanquema,200 rue zerouali ain sebaa rabat maroc,2019-06-30,9880.89
270,zerouali,saad,analyste,finances,654091392,saadzeroualibanquema,153 rue baroudi sidi marouf oujda maroc,2011-02-10,19983.72
271,chouaib,karim,directeur,conformit,614966723,karimchouaibbanquema,43 rue elalami sidi moumen rabat maroc,2015-12-07,27561.39
272,chraibi,mehdi,gestionnaire,agence,643577603,mehdichraibibanquema,11 rue elalami tachfine ttouan maroc,2015-12-27,29096.66
273,tahiri,rim,charg de clientle,agence,655136492,rimtahiribanquema,153 rue chakiri hay riad casablanca maroc,2011-03-17,22334.36
274,bennis,bouchra,gestionnaire,it,660165713,bouchrabennisbanquema,283 rue amrani agdal casablanca maroc,2017-11-19,6595.87
275,elalami,adil,analyste,finances,611446148,adilelalamibanquema,201 rue chouaib sidi moumen fes maroc,2024-03-11,8553.94
276,bakkali,mouna,charg de clientle,risques,663415051,mounabakkalibanquema,128 rue baroudi sidi moumen rabat maroc,2017-11-11,24304.93
277,bakkali,saad,conseiller,relations clients,633385052,saadbakkalibanquema,2 rue chakiri tabriquet oujda maroc,2015-01-05,18856.06
278,alaoui,fatima,directeur,it,659236216,fatimaalaouibanquema,262 rue chouaib mabella temara maroc,2022-04-17,4272.08
279,sekkat,othmane,gestionnaire,finances,640976164,othmanesekkatbanquema,189 rue elidrissi hay riad marrakech maroc,2011-02-27,8995.23
280,zerouali,malak,guichetier,finances,670214706,malakzeroualibanquema,210 rue moutawakil maarif rabat maroc,2016-12-30,26133.36
281,bensaid,karim,guichetier,conformit,687028916,karimbensaidbanquema,130 rue elalami bourgogne tanger maroc,2016-06-06,22356.48
282,fassi,fatima,conseiller,risques,616319628,fatimafassibanquema,42 rue jebari mabella fes maroc,2017-12-10,27682.94
283,maaroufi,nour,charg de clientle,it,678884191,nourmaaroufibanquema,170 rue moutawakil sidi moumen rabat maroc,2020-11-06,22369.88
284,ouzzani,ikram,analyste,agence,690919608,ikramouzzanibanquema,113 rue bakkali bourgogne casablanca maroc,2016-01-06,16812.33
285,bensaid,khadija,directeur,relations clients,614383327,khadijabensaidbanquema,14 rue touil mabella kenitra maroc,2016-04-19,17008.24
286,alaoui,amina,charg de clientle,relations clients,644044219,aminaalaouibanquema,38 rue chakiri belvdre ttouan maroc,2011-09-01,4125.13
287,amrani,ayoub,charg de clientle,it,695173551,ayoubamranibanquema,119 rue chraibi ain sebaa agadir maroc,2016-07-02,19355.51
288,touil,mouna,gestionnaire,relations clients,625475748,mounatouilbanquema,287 rue boukhriss oasis kenitra maroc,2017-01-22,23863.06
289,elalami,reda,conseiller,relations clients,618139099,redaelalamibanquema,224 rue sekkat sidi marouf kenitra maroc,2013-01-06,11275.2
290,jebari,salma,charg de clientle,risques,695231261,salmajebaribanquema,233 rue hariri tabriquet ttouan maroc,2013-10-22,25911.72
291,baroudi,anass,directeur,it,633762856,anassbaroudibanquema,117 rue maaroufi maarif marrakech maroc,2019-11-29,24572.37
292,tahiri,bouchra,directeur,agence,645437132,bouchratahiribanquema,256 rue fadili bourgogne tanger maroc,2013-05-31,24266.52
293,jebari,adil,gestionnaire,finances,615796754,adiljebaribanquema,274 rue sekkat bourgogne agadir maroc,2022-09-17,22223.65
294,chouaib,ibrahim,conseiller,finances,661944504,ibrahimchouaibbanquema,48 rue moutawakil ain sebaa rabat maroc,2024-05-02,25973.26
295,zahiri,anass,gestionnaire,conformit,658302092,anasszahiribanquema,299 rue fadili yacoub el mansour casablanca maroc,2010-06-21,27134.05
296,naciri,anass,conseiller,relations clients,624428751,anassnaciribanquema,61 rue fassi sidi marouf oujda maroc,2020-05-30,28787.44
297,ouzzani,anass,charg de clientle,conformit,648913746,anassouzzanibanquema,231 rue moutawakil belvdre oujda maroc,2010-11-19,13128.43
298,bakkali,reda,guichetier,risques,671192114,redabakkalibanquema,290 rue naciri ain sebaa fes maroc,2019-07-04,14072.43
299,ouzzani,ibrahim,guichetier,it,613319085,ibrahimouzzanibanquema,173 rue boukhriss ain sebaa agadir maroc,2015-12-23,4270.83
300,elmansouri,zineb,conseiller,relations clients,665950318,zinebelmansouribanquema,179 rue tahiri ain sebaa oujda maroc,2023-05-01,13852.86
301,ouzzani,othmane,gestionnaire,risques,639324408,othmaneouzzanibanquema,209 rue amrani bourgogne fes maroc,2015-10-29,28218.69
302,naciri,hiba,analyste,relations clients,669150727,hibanaciribanquema,227 rue fadili maarif kenitra maroc,2012-02-16,19499.73
303,chouaib,hassan,guichetier,relations clients,664528354,hassanchouaibbanquema,290 rue fadili sidi moumen marrakech maroc,2011-01-11,9793.35
304,chouaib,ikram,conseiller,agence,699936608,ikramchouaibbanquema,228 rue amrani bourgogne fes maroc,2018-09-12,28605.16
305,chraibi,mouna,analyste,risques,690137906,mounachraibibanquema,67 rue elidrissi agdal tanger maroc,2021-01-02,8873.22
306,naciri,hassan,guichetier,risques,637073895,hassannaciribanquema,86 rue jebari ain sebaa oujda maroc,2022-03-18,9007.4
307,chraibi,mouna,gestionnaire,risques,692783158,mounachraibibanquema,74 rue touil tabriquet casablanca maroc,2015-07-28,10558.01
308,elalami,fatima,gestionnaire,finances,660713614,fatimaelalamibanquema,15 rue zerouali sidi marouf oujda maroc,2022-09-25,22400.67
309,hariri,mohamed,guichetier,finances,627517392,mohamedhariribanquema,177 rue baroudi sidi moumen oujda maroc,2010-10-10,15378.8
310,fadili,ayoub,conseiller,risques,651006277,ayoubfadilibanquema,72 rue bennis tabriquet tanger maroc,2021-08-20,17152.06
311,maaroufi,anass,directeur,it,645554422,anassmaaroufibanquema,196 rue sekkat maarif casablanca maroc,2020-07-06,27030.31
312,elidrissi,yassine,guichetier,agence,655720290,yassineelidrissibanquema,246 rue chraibi ain sebaa agadir maroc,2012-01-14,7027.65
313,ouzzani,ilham,directeur,risques,656984688,ilhamouzzanibanquema,86 rue moutawakil belvdre casablanca maroc,2014-04-12,17764.59
314,elkhatib,salma,guichetier,finances,650625464,salmaelkhatibbanquema,211 rue chraibi yacoub el mansour marrakech maroc,2012-01-01,12658.55
315,elkhatib,anass,charg de clientle,relations clients,681139955,anasselkhatibbanquema,218 rue elidrissi sidi marouf temara maroc,2011-09-21,18153.27
316,elkhatib,imane,guichetier,agence,626420638,imaneelkhatibbanquema,67 rue zahiri hay riad casablanca maroc,2012-01-04,27843.38
317,bennani,khadija,analyste,risques,663859392,khadijabennanibanquema,167 rue elidrissi mabella ttouan maroc,2018-03-06,28736.93
318,chraibi,rayan,analyste,risques,680394979,rayanchraibibanquema,242 rue ouzzani ain sebaa fes maroc,2023-07-22,27911.82
319,elmansouri,rim,directeur,it,631140021,rimelmansouribanquema,40 rue boukhriss sidi marouf marrakech maroc,2018-12-09,13419.62
320,rguig,imane,gestionnaire,relations clients,699460547,imanerguigbanquema,58 rue bensaid sidi marouf ttouan maroc,2016-11-26,12052.45
321,fassi,abdelaziz,gestionnaire,it,634528463,abdelazizfassibanquema,100 rue chraibi hay riad casablanca maroc,2011-12-01,17170.52
322,bensaid,mohamed,guichetier,it,615546876,mohamedbensaidbanquema,41 rue lahlou mdina casablanca maroc,2020-07-12,16679.37
323,bakkali,khadija,charg de clientle,conformit,631368924,khadijabakkalibanquema,76 rue hariri maarif fes maroc,2021-12-26,21058.17
324,elkhatib,khadija,conseiller,relations clients,646452326,khadijaelkhatibbanquema,153 rue moutawakil mdina kenitra maroc,2010-08-18,11161.1
325,bensaid,malak,analyste,relations clients,646112640,malakbensaidbanquema,35 rue bennani tachfine fes maroc,2012-09-22,7421.81
326,chouaib,salma,analyste,conformit,632966973,salmachouaibbanquema,51 rue moutawakil tabriquet casablanca maroc,2015-11-23,21694.19
327,chouaib,zineb,conseiller,relations clients,663451271,zinebchouaibbanquema,27 rue maaroufi gueliz agadir maroc,2024-01-03,17898.4
328,chraibi,yassine,guichetier,agence,635318739,yassinechraibibanquema,278 rue alaoui mabella agadir maroc,2015-04-28,18894.49
329,moutawakil,zakaria,guichetier,relations clients,684543280,zakariamoutawakilbanquema,122 rue lahlou gueliz kenitra maroc,2022-04-14,17907.63
330,baroudi,mohamed,directeur,relations clients,644845033,mohamedbaroudibanquema,46 rue sekkat maarif oujda maroc,2017-11-17,29423.4
331,chakiri,mehdi,charg de clientle,conformit,645955734,mehdichakiribanquema,249 rue amrani oasis fes maroc,2021-11-27,17819.65
332,elmansouri,rachid,directeur,agence,622838433,rachidelmansouribanquema,236 rue elkhatib tachfine ttouan maroc,2016-12-03,22781.54
333,ouzzani,abdelaziz,conseiller,it,627748209,abdelazizouzzanibanquema,248 rue hariri sidi moumen kenitra maroc,2011-03-23,7357.29
334,amrani,rayan,guichetier,it,685477483,rayanamranibanquema,62 rue sekkat maarif fes maroc,2021-12-27,22819.39
335,moutawakil,omar,conseiller,finances,670393048,omarmoutawakilbanquema,77 rue ouzzani hay riad marrakech maroc,2022-04-05,18959.08
336,sekkat,nour,gestionnaire,agence,631679563,noursekkatbanquema,175 rue elmansouri sidi moumen kenitra maroc,2013-04-26,12935.45
337,baroudi,abdelhak,guichetier,it,667627228,abdelhakbaroudibanquema,64 rue amrani tabriquet tanger maroc,2013-03-02,20794.04
338,amrani,soukaina,directeur,relations clients,672632102,soukainaamranibanquema,10 rue fadili gueliz ttouan maroc,2021-02-01,11870.3
339,sekkat,siham,analyste,risques,685334855,sihamsekkatbanquema,94 rue jebari bourgogne agadir maroc,2010-09-16,19153.42
340,zahiri,samira,guichetier,conformit,683204174,samirazahiribanquema,41 rue elmansouri mdina fes maroc,2017-03-19,5822.34
341,jebari,rayan,analyste,conformit,696672985,rayanjebaribanquema,231 rue maaroufi mabella kenitra maroc,2022-07-03,24524.5
342,bensaid,saad,guichetier,conformit,651032588,saadbensaidbanquema,98 rue baroudi belvdre agadir maroc,2020-11-13,26966.89
343,sekkat,karim,guichetier,it,676492451,karimsekkatbanquema,237 rue elmansouri bourgogne ttouan maroc,2016-08-12,29336.64
344,elalami,abdelhak,charg de clientle,finances,664505900,abdelhakelalamibanquema,173 rue fadili agdal kenitra maroc,2014-04-13,9792.81
345,elmansouri,hassan,directeur,it,640386144,hassanelmansouribanquema,293 rue bennani sidi moumen fes maroc,2015-09-01,20829.13
346,baroudi,soukaina,conseiller,conformit,666205240,soukainabaroudibanquema,242 rue ouzzani belvdre fes maroc,2024-03-19,4794.85
347,bennani,rayan,analyste,risques,657558261,rayanbennanibanquema,34 rue rguig maarif agadir maroc,2014-11-12,16424.94
348,chakiri,soukaina,guichetier,finances,628578556,soukainachakiribanquema,196 rue lahlou oasis fes maroc,2022-03-11,10804.18
349,chakiri,hassan,conseiller,conformit,689917633,hassanchakiribanquema,119 rue bennani oasis marrakech maroc,2011-09-20,28894.09
350,alaoui,amina,guichetier,agence,672647598,aminaalaouibanquema,171 rue chakiri tachfine rabat maroc,2021-12-01,28549.79
351,fassi,reda,conseiller,finances,651706698,redafassibanquema,94 rue elalami sidi marouf fes maroc,2013-04-26,16774.9
352,sekkat,yassine,charg de clientle,agence,611546923,yassinesekkatbanquema,7 rue fadili sidi moumen oujda maroc,2010-04-26,17564.29
353,chakiri,malak,charg de clientle,finances,680798264,malakchakiribanquema,169 rue bennis hay riad marrakech maroc,2011-09-17,15657.75
354,jebari,saad,charg de clientle,finances,642528619,saadjebaribanquema,276 rue baroudi sidi moumen fes maroc,2021-08-25,20027.88
355,hariri,nadia,directeur,risques,621062221,nadiahariribanquema,245 rue naciri tabriquet kenitra maroc,2012-08-09,26439.16
356,elkhatib,saad,analyste,conformit,650425690,saadelkhatibbanquema,84 rue tahiri oasis fes maroc,2013-05-28,24263.68
357,elalami,salma,gestionnaire,agence,691217011,salmaelalamibanquema,104 rue chakiri maarif casablanca maroc,2017-10-02,18940.88
358,lahlou,amina,charg de clientle,finances,619066901,aminalahloubanquema,233 rue rguig belvdre oujda maroc,2015-08-23,11828.76
359,chouaib,zakaria,charg de clientle,agence,644870786,zakariachouaibbanquema,167 rue bakkali hay riad kenitra maroc,2023-08-29,22574.36
360,jebari,imane,gestionnaire,risques,676130324,imanejebaribanquema,206 rue bennis agdal marrakech maroc,2023-10-24,22827.08
361,tahiri,amina,gestionnaire,risques,645921960,aminatahiribanquema,187 rue naciri yacoub el mansour oujda maroc,2019-12-07,20171.29
362,jebari,mehdi,guichetier,conformit,652877828,mehdijebaribanquema,10 rue boukhriss oasis ttouan maroc,2016-05-20,24224.69
363,ouzzani,imane,charg de clientle,risques,684884890,imaneouzzanibanquema,263 rue bensaid gueliz tanger maroc,2025-02-19,12693.72
364,touil,mouna,analyste,risques,612643259,mounatouilbanquema,114 rue maaroufi agdal temara maroc,2011-04-26,11208.09
365,maaroufi,ibrahim,conseiller,risques,651637850,ibrahimmaaroufibanquema,118 rue rguig gueliz casablanca maroc,2010-06-26,7965.7
366,chraibi,anass,guichetier,conformit,660238796,anasschraibibanquema,292 rue elidrissi maarif agadir maroc,2012-12-28,25292.23
367,zahiri,amina,conseiller,relations clients,653512939,aminazahiribanquema,178 rue bennani hay riad marrakech maroc,2024-12-07,5253.14
368,maaroufi,omar,directeur,finances,622049318,omarmaaroufibanquema,15 rue bensaid agdal tanger maroc,2017-05-30,12430.92
369,sekkat,rim,directeur,risques,617023244,rimsekkatbanquema,137 rue baroudi tabriquet casablanca maroc,2023-03-24,7960.13
370,baroudi,karim,gestionnaire,it,620562429,karimbaroudibanquema,157 rue amrani oasis tanger maroc,2024-02-16,8063.01
371,zerouali,abdelhak,conseiller,relations clients,678543887,abdelhakzeroualibanquema,165 rue maaroufi gueliz rabat maroc,2022-03-17,24038.06
372,amrani,ikram,conseiller,finances,656339922,ikramamranibanquema,128 rue zerouali sidi marouf rabat maroc,2011-03-03,22602.92
373,maaroufi,karim,conseiller,finances,673142210,karimmaaroufibanquema,36 rue bennis belvdre ttouan maroc,2011-08-25,21992.17
374,sekkat,salma,analyste,risques,662657892,salmasekkatbanquema,63 rue fadili yacoub el mansour tanger maroc,2015-09-28,8515.62
375,elmansouri,omar,conseiller,conformit,667791909,omarelmansouribanquema,126 rue elkhatib oasis agadir maroc,2012-03-11,14673.45
376,sekkat,youssef,guichetier,finances,668059269,youssefsekkatbanquema,187 rue fadili tachfine temara maroc,2016-01-16,7417.01
377,sekkat,mohamed,directeur,risques,615574806,mohamedsekkatbanquema,38 rue bakkali oasis kenitra maroc,2013-12-15,5423.11
378,bennis,hiba,analyste,it,697527547,hibabennisbanquema,184 rue hariri ain sebaa oujda maroc,2024-12-25,15580.21
379,fadili,youssef,conseiller,it,666701381,yousseffadilibanquema,111 rue lahlou hay riad agadir maroc,2022-07-18,5092.85
380,chraibi,ikram,analyste,conformit,648188914,ikramchraibibanquema,23 rue amrani agdal casablanca maroc,2013-06-02,6497.22
381,bennani,ibrahim,gestionnaire,it,678913320,ibrahimbennanibanquema,249 rue zerouali gueliz ttouan maroc,2025-04-01,18488.97
382,elidrissi,othmane,charg de clientle,agence,662444122,othmaneelidrissibanquema,144 rue naciri maarif marrakech maroc,2016-03-17,14032.72
383,maaroufi,hiba,charg de clientle,it,673502724,hibamaaroufibanquema,209 rue elmansouri agdal temara maroc,2023-11-18,23080.34
384,amrani,ilham,conseiller,finances,689978266,ilhamamranibanquema,216 rue alaoui bourgogne tanger maroc,2021-06-11,20320.47
385,hariri,ikram,gestionnaire,risques,684733013,ikramhariribanquema,205 rue chraibi mdina oujda maroc,2021-12-25,13885.03
386,zahiri,ilham,guichetier,agence,675535180,ilhamzahiribanquema,246 rue chakiri maarif casablanca maroc,2021-12-25,22824.06
387,elidrissi,siham,analyste,risques,635924882,sihamelidrissibanquema,80 rue baroudi yacoub el mansour agadir maroc,2020-04-23,13144.33
388,jebari,fatima,gestionnaire,risques,613862559,fatimajebaribanquema,115 rue tahiri ain sebaa kenitra maroc,2014-09-21,5292.64
389,elalami,othmane,gestionnaire,conformit,690317906,othmaneelalamibanquema,267 rue chraibi bourgogne kenitra maroc,2017-10-17,29704.79
390,moutawakil,rachid,guichetier,relations clients,683635162,rachidmoutawakilbanquema,146 rue bennis mdina agadir maroc,2021-01-31,15997.72
391,amrani,zineb,analyste,relations clients,614740382,zinebamranibanquema,135 rue ouzzani yacoub el mansour oujda maroc,2020-10-23,17698.24
392,tahiri,nadia,directeur,relations clients,685321208,nadiatahiribanquema,36 rue sekkat mdina kenitra maroc,2016-02-01,27223.6
393,amrani,abdelaziz,charg de clientle,it,657123077,abdelazizamranibanquema,221 rue bennani mdina agadir maroc,2010-11-06,24685.74
394,zerouali,ayoub,gestionnaire,agence,621999712,ayoubzeroualibanquema,128 rue alaoui belvdre marrakech maroc,2017-10-04,27818.73
395,baroudi,bouchra,guichetier,finances,614344952,bouchrabaroudibanquema,76 rue elkhatib sidi moumen marrakech maroc,2015-02-10,17760.66
396,moutawakil,abdelaziz,charg de clientle,relations clients,673045482,abdelazizmoutawakilbanquema,110 rue maaroufi tabriquet tanger maroc,2011-01-19,16534.89
397,maaroufi,fatima,analyste,agence,684787394,fatimamaaroufibanquema,194 rue bensaid agdal marrakech maroc,2024-07-03,19389.47
398,zahiri,nadia,charg de clientle,risques,674489808,nadiazahiribanquema,145 rue elidrissi mdina rabat maroc,2018-09-06,4328.0
399,fassi,laila,directeur,finances,660324737,lailafassibanquema,30 rue chakiri tachfine agadir maroc,2012-01-02,12352.5
400,hariri,amina,charg de clientle,it,614895996,aminahariribanquema,17 rue elmansouri belvdre tanger maroc,2023-04-27,19239.88
401,elidrissi,ibrahim,analyste,risques,694704459,ibrahimelidrissibanquema,254 rue elalami sidi marouf ttouan maroc,2017-11-03,17531.14
402,bensaid,omar,conseiller,risques,638797100,omarbensaidbanquema,50 rue elalami oasis agadir maroc,2022-04-14,24756.68
403,chraibi,soukaina,conseiller,agence,617977764,soukainachraibibanquema,113 rue chraibi ain sebaa marrakech maroc,2013-07-23,19086.84
404,jebari,mehdi,conseiller,relations clients,640336616,mehdijebaribanquema,158 rue bennis gueliz tanger maroc,2024-09-02,21982.69
405,lahlou,tarik,analyste,finances,696411788,tariklahloubanquema,291 rue ouzzani yacoub el mansour rabat maroc,2012-07-02,29749.61
406,rguig,samira,directeur,agence,636125671,samirarguigbanquema,255 rue lahlou ain sebaa fes maroc,2018-03-12,17568.59
407,naciri,samira,directeur,conformit,670712265,samiranaciribanquema,173 rue chakiri gueliz fes maroc,2020-06-04,14509.73
408,elkhatib,saad,directeur,agence,640125806,saadelkhatibbanquema,20 rue chakiri hay riad fes maroc,2019-09-04,13679.29
409,tahiri,reda,conseiller,conformit,658241304,redatahiribanquema,53 rue zahiri sidi marouf kenitra maroc,2011-02-23,13593.03
410,ouzzani,hassan,guichetier,it,694427432,hassanouzzanibanquema,265 rue sekkat agdal agadir maroc,2016-04-28,26946.6
411,elkhatib,yassine,charg de clientle,it,615831024,yassineelkhatibbanquema,207 rue rguig oasis rabat maroc,2022-05-10,24826.99
412,sekkat,imane,gestionnaire,finances,680760176,imanesekkatbanquema,66 rue bensaid sidi moumen marrakech maroc,2022-12-12,24054.43
413,bensaid,malak,analyste,agence,635998100,malakbensaidbanquema,286 rue elalami sidi moumen casablanca maroc,2020-05-04,12486.01
414,bensaid,ayoub,directeur,finances,647829025,ayoubbensaidbanquema,283 rue naciri mdina ttouan maroc,2021-10-09,8037.61
415,chakiri,saad,gestionnaire,it,643696985,saadchakiribanquema,285 rue chakiri mabella agadir maroc,2016-07-14,25746.2
416,touil,youssef,conseiller,finances,672011758,yousseftouilbanquema,237 rue maaroufi sidi marouf marrakech maroc,2021-04-05,13541.77
417,maaroufi,youssef,analyste,conformit,630468147,youssefmaaroufibanquema,273 rue bennani bourgogne rabat maroc,2010-10-13,13896.86
418,ouzzani,siham,charg de clientle,it,643357989,sihamouzzanibanquema,63 rue bennis tabriquet agadir maroc,2014-03-24,14627.87
419,elalami,khadija,gestionnaire,it,622417137,khadijaelalamibanquema,233 rue alaoui belvdre casablanca maroc,2021-08-23,25666.12
420,fassi,rachid,analyste,conformit,652322663,rachidfassibanquema,65 rue tahiri tabriquet ttouan maroc,2023-01-30,21590.08
421,chakiri,karim,guichetier,finances,699802489,karimchakiribanquema,287 rue elidrissi oasis kenitra maroc,2024-05-30,5648.15
422,bennani,mehdi,conseiller,it,636575666,mehdibennanibanquema,144 rue amrani agdal agadir maroc,2011-06-04,6694.76
423,sekkat,hiba,charg de clientle,conformit,621532504,hibasekkatbanquema,5 rue bakkali belvdre rabat maroc,2011-02-15,10017.85
424,bakkali,siham,analyste,agence,651851655,sihambakkalibanquema,2 rue jebari sidi marouf kenitra maroc,2010-06-21,17060.53
425,rguig,mohamed,analyste,relations clients,616411095,mohamedrguigbanquema,141 rue naciri mabella ttouan maroc,2016-12-25,6602.27
426,hariri,zakaria,guichetier,agence,612923389,zakariahariribanquema,109 rue amrani ain sebaa kenitra maroc,2015-03-15,10829.58
427,naciri,houda,guichetier,relations clients,626796445,houdanaciribanquema,162 rue bensaid belvdre oujda maroc,2021-10-31,12531.18
428,bensaid,othmane,conseiller,risques,645933985,othmanebensaidbanquema,28 rue chouaib tabriquet agadir maroc,2020-11-20,9584.66
429,alaoui,bouchra,analyste,agence,680499581,bouchraalaouibanquema,298 rue bennis belvdre agadir maroc,2013-12-25,19710.98
430,maaroufi,mouna,directeur,agence,692526538,mounamaaroufibanquema,118 rue elalami agdal ttouan maroc,2015-06-24,8831.38
431,baroudi,ayoub,conseiller,risques,661715208,ayoubbaroudibanquema,3 rue zerouali agdal agadir maroc,2023-06-15,8363.57
432,chraibi,bouchra,gestionnaire,agence,696691736,bouchrachraibibanquema,34 rue lahlou hay riad tanger maroc,2022-07-30,13039.76
433,alaoui,ayoub,gestionnaire,it,613591964,ayoubalaouibanquema,19 rue amrani agdal marrakech maroc,2010-07-06,14557.21
434,bakkali,soukaina,guichetier,relations clients,653234102,soukainabakkalibanquema,49 rue zahiri tabriquet oujda maroc,2013-10-06,4973.75
435,alaoui,soukaina,gestionnaire,relations clients,649002742,soukainaalaouibanquema,144 rue chouaib maarif casablanca maroc,2022-01-16,16060.86
436,jebari,hiba,gestionnaire,finances,679635562,hibajebaribanquema,299 rue zerouali tabriquet oujda maroc,2020-02-26,17227.91
437,elmansouri,youssef,conseiller,agence,624297366,youssefelmansouribanquema,127 rue elalami maarif kenitra maroc,2012-04-27,27955.18
438,chouaib,reda,guichetier,conformit,675268280,redachouaibbanquema,37 rue chouaib tabriquet casablanca maroc,2010-05-10,16492.26
439,ouzzani,karim,analyste,it,614962333,karimouzzanibanquema,104 rue zerouali hay riad ttouan maroc,2015-01-09,6684.85
440,alaoui,youssef,conseiller,agence,666790757,youssefalaouibanquema,294 rue lahlou agdal kenitra maroc,2016-03-24,11228.83
441,elkhatib,saad,directeur,finances,621560307,saadelkhatibbanquema,147 rue jebari belvdre rabat maroc,2012-06-13,26079.41
442,rguig,bouchra,charg de clientle,it,699333082,bouchrarguigbanquema,119 rue maaroufi hay riad agadir maroc,2010-11-03,11878.99
443,ouzzani,nadia,conseiller,relations clients,686174856,nadiaouzzanibanquema,83 rue maaroufi mdina tanger maroc,2025-03-31,24180.03
444,elkhatib,ibrahim,conseiller,finances,610169422,ibrahimelkhatibbanquema,125 rue alaoui mdina marrakech maroc,2013-12-14,20046.91
445,naciri,ikram,directeur,risques,664253283,ikramnaciribanquema,197 rue baroudi gueliz ttouan maroc,2017-08-05,22702.86
446,lahlou,siham,analyste,risques,623927190,sihamlahloubanquema,234 rue maaroufi yacoub el mansour ttouan maroc,2011-01-30,28999.75
447,sekkat,karim,analyste,conformit,677990241,karimsekkatbanquema,80 rue boukhriss mabella oujda maroc,2018-12-03,22792.13
448,alaoui,nour,analyste,finances,680605522,nouralaouibanquema,179 rue sekkat sidi marouf temara maroc,2020-09-16,29213.47
449,maaroufi,malak,gestionnaire,relations clients,662079201,malakmaaroufibanquema,246 rue hariri sidi marouf fes maroc,2022-03-11,21258.32
450,boukhriss,khadija,analyste,it,626692385,khadijaboukhrissbanquema,296 rue touil belvdre marrakech maroc,2023-03-29,14153.44
451,alaoui,hassan,charg de clientle,agence,685056573,hassanalaouibanquema,188 rue moutawakil maarif oujda maroc,2015-02-21,16419.96
452,maaroufi,salma,analyste,risques,626298750,salmamaaroufibanquema,65 rue fassi sidi moumen kenitra maroc,2011-05-27,12814.03
453,elalami,ikram,directeur,relations clients,659794029,ikramelalamibanquema,97 rue alaoui sidi moumen temara maroc,2011-07-13,11858.75
454,touil,ikram,directeur,conformit,623639785,ikramtouilbanquema,230 rue elkhatib mabella temara maroc,2019-07-16,29406.69
455,baroudi,salma,gestionnaire,conformit,640974297,salmabaroudibanquema,3 rue sekkat yacoub el mansour tanger maroc,2015-05-29,10170.76
456,hariri,omar,analyste,relations clients,682612653,omarhariribanquema,51 rue tahiri mabella kenitra maroc,2020-12-20,28797.88
457,ouzzani,laila,conseiller,finances,697033089,lailaouzzanibanquema,65 rue bennis mdina tanger maroc,2020-09-27,4620.19
458,alaoui,imane,conseiller,agence,699497613,imanealaouibanquema,4 rue bennani maarif oujda maroc,2011-11-25,21347.78
459,tahiri,amina,analyste,agence,619905212,aminatahiribanquema,168 rue rguig sidi marouf rabat maroc,2014-01-26,25998.29
460,chouaib,nour,charg de clientle,it,693682955,nourchouaibbanquema,130 rue chraibi belvdre temara maroc,2021-06-06,6129.42
461,amrani,mehdi,charg de clientle,risques,628781308,mehdiamranibanquema,285 rue elmansouri maarif casablanca maroc,2016-01-13,17802.25
462,jebari,samira,analyste,relations clients,685253501,samirajebaribanquema,27 rue chraibi sidi moumen ttouan maroc,2025-04-14,7324.27
463,hariri,ibrahim,gestionnaire,agence,645218649,ibrahimhariribanquema,136 rue hariri maarif rabat maroc,2020-10-09,16838.55
464,fadili,reda,directeur,conformit,658694273,redafadilibanquema,212 rue sekkat tachfine marrakech maroc,2020-10-17,14893.76
465,bennis,omar,guichetier,agence,628282158,omarbennisbanquema,272 rue elidrissi agdal fes maroc,2013-04-08,14677.18
466,chraibi,khadija,conseiller,relations clients,648577797,khadijachraibibanquema,204 rue zerouali mabella temara maroc,2019-08-02,13994.57
467,baroudi,mehdi,conseiller,conformit,645137991,mehdibaroudibanquema,98 rue rguig gueliz casablanca maroc,2016-05-31,20322.58
468,bennis,mouna,gestionnaire,it,693976791,mounabennisbanquema,97 rue bakkali ain sebaa oujda maroc,2016-03-11,5719.06
469,sekkat,reda,guichetier,risques,642724726,redasekkatbanquema,8 rue zerouali belvdre oujda maroc,2023-03-27,24320.36
470,hariri,youssef,directeur,risques,634116894,youssefhariribanquema,117 rue hariri mabella ttouan maroc,2023-01-24,24498.24
471,elidrissi,laila,guichetier,relations clients,623649802,lailaelidrissibanquema,233 rue alaoui tabriquet oujda maroc,2014-06-13,27089.65
472,maaroufi,reda,guichetier,finances,632201737,redamaaroufibanquema,291 rue bakkali belvdre ttouan maroc,2016-08-30,8810.24
473,bennis,nadia,directeur,risques,679824914,nadiabennisbanquema,155 rue hariri belvdre agadir maroc,2021-12-22,24837.31
474,tahiri,abdelaziz,conseiller,finances,625588958,abdelaziztahiribanquema,260 rue fassi oasis temara maroc,2019-12-14,24362.0
475,maaroufi,mehdi,charg de clientle,it,691201698,mehdimaaroufibanquema,132 rue elkhatib oasis casablanca maroc,2016-02-05,4637.57
476,elidrissi,rim,gestionnaire,conformit,656670189,rimelidrissibanquema,171 rue bakkali agdal kenitra maroc,2012-10-18,21158.08
477,lahlou,amina,gestionnaire,relations clients,674623383,aminalahloubanquema,86 rue chraibi mabella oujda maroc,2011-01-30,28155.85
478,bennani,saad,conseiller,conformit,630393586,saadbennanibanquema,51 rue lahlou sidi moumen tanger maroc,2016-06-14,22973.12
479,elalami,mouna,charg de clientle,relations clients,633968273,mounaelalamibanquema,60 rue rguig gueliz kenitra maroc,2016-11-26,14277.01
480,elkhatib,ibrahim,conseiller,it,649856856,ibrahimelkhatibbanquema,166 rue elmansouri hay riad fes maroc,2011-07-05,24703.91
481,zahiri,malak,guichetier,conformit,672868537,malakzahiribanquema,291 rue bensaid mdina tanger maroc,2010-11-14,15839.7
482,alaoui,rayan,directeur,finances,687694485,rayanalaouibanquema,184 rue bensaid sidi moumen marrakech maroc,2011-04-25,5753.65
483,baroudi,laila,conseiller,agence,621453927,lailabaroudibanquema,232 rue boukhriss mabella agadir maroc,2017-03-28,16466.59
484,touil,ayoub,analyste,risques,680827507,ayoubtouilbanquema,112 rue lahlou maarif kenitra maroc,2018-08-03,28993.82
485,elalami,reda,gestionnaire,finances,658958314,redaelalamibanquema,53 rue zahiri agdal oujda maroc,2019-12-29,22987.37
486,zahiri,ibrahim,directeur,relations clients,615766156,ibrahimzahiribanquema,8 rue elidrissi maarif marrakech maroc,2020-02-18,28862.26
487,bennani,zakaria,charg de clientle,it,643923011,zakariabennanibanquema,86 rue baroudi sidi moumen fes maroc,2010-07-12,7622.2
488,chouaib,mehdi,charg de clientle,conformit,673310932,mehdichouaibbanquema,57 rue bennani tabriquet fes maroc,2021-04-06,17564.26
489,touil,khadija,directeur,finances,667278646,khadijatouilbanquema,226 rue maaroufi tachfine fes maroc,2010-08-19,18163.98
490,chakiri,imane,gestionnaire,relations clients,618597103,imanechakiribanquema,69 rue elkhatib yacoub el mansour casablanca maroc,2017-01-26,25968.8
491,elidrissi,soukaina,analyste,conformit,619308637,soukainaelidrissibanquema,241 rue boukhriss ain sebaa fes maroc,2020-01-09,22628.22
492,bensaid,malak,directeur,agence,663091156,malakbensaidbanquema,108 rue baroudi tabriquet oujda maroc,2017-08-05,8082.26
493,tahiri,salma,conseiller,finances,612615123,salmatahiribanquema,47 rue hariri mdina tanger maroc,2024-04-29,27010.05
494,bennani,zakaria,directeur,conformit,682177752,zakariabennanibanquema,156 rue lahlou sidi moumen rabat maroc,2019-08-15,7351.35
495,rguig,imane,analyste,agence,638159410,imanerguigbanquema,25 rue elkhatib mabella marrakech maroc,2011-04-22,29896.85
496,chakiri,omar,gestionnaire,risques,697804396,omarchakiribanquema,20 rue chakiri mdina marrakech maroc,2011-07-23,4073.33
497,fadili,nour,directeur,risques,695865113,nourfadilibanquema,73 rue fadili tachfine agadir maroc,2019-08-10,29889.88
498,bakkali,ibrahim,guichetier,it,686923860,ibrahimbakkalibanquema,223 rue chraibi agdal ttouan maroc,2016-11-19,4783.53
499,bennis,siham,analyste,relations clients,626638686,sihambennisbanquema,203 rue maaroufi mabella oujda maroc,2022-07-04,19917.62
500,zerouali,hiba,guichetier,agence,643383873,hibazeroualibanquema,157 rue elkhatib mabella kenitra maroc,2017-10-11,10610.22
