id_pret,id_compte,montant_pret,taux_interet,duree_mois,mensualite,type_pret,periodicite,date_debut,statut
1,1,944256.01,4.43,36,29715.21,immobilier,mensuelle,2021-11-26,termine
2,2,831830.97,4.2,300,5684.18,immobilier,trimestrielle,2020-09-07,encours
3,3,428705.04,5.62,12,37733.19,consommation,annuelle,2023-05-24,enretard
4,4,378229.42,3.57,120,4277.14,equipement,annuelle,2018-08-07,enretard
5,5,240362.07,3.2,180,1976.31,immobilier,trimestrielle,2025-01-01,enretard
6,6,17784.99,3.25,36,542.2,consommation,annuelle,2024-08-26,termine
7,7,994952.79,2.88,12,85300.62,auto,mensuelle,2019-02-15,enretard
8,8,403545.46,5.82,300,3302.35,immobilier,trimestrielle,2020-03-24,enretard
9,9,35020.55,4.3,24,1584.68,immobilier,mensuelle,2024-05-16,encours
10,10,406061.49,4.28,60,8215.98,immobilier,trimestrielle,2016-01-14,enretard
11,11,20672.51,3.66,12,1785.76,consommation,mensuelle,2020-05-17,encours
12,12,419136.14,3.23,300,2525.3,auto,trimestrielle,2024-12-13,enretard
13,13,231637.99,5.95,24,10800.12,equipement,mensuelle,2023-07-10,enretard
14,14,285850.69,4.23,300,1960.46,consommation,annuelle,2025-02-23,encours
15,15,544531.93,5.47,12,47859.82,auto,trimestrielle,2024-08-27,encours
16,16,164711.02,4.96,180,1595.87,auto,mensuelle,2023-02-20,enretard
17,17,607586.91,3.01,60,11650.48,consommation,trimestrielle,2024-10-25,encours
18,18,545508.96,3.14,24,24156.96,immobilier,trimestrielle,2023-06-24,encours
19,19,354581.06,3.69,12,30638.76,equipement,mensuelle,2021-06-06,encours
20,20,832140.72,4.31,240,6456.03,auto,mensuelle,2023-09-09,termine
21,21,864382.51,3.92,120,10026.84,consommation,annuelle,2021-06-25,termine
22,22,272127.24,2.59,180,2099.16,immobilier,annuelle,2022-09-12,enretard
23,23,440500.57,4.17,12,38239.12,equipement,trimestrielle,2024-05-23,termine
24,24,848022.65,3.18,12,72915.81,immobilier,annuelle,2024-02-05,enretard
25,25,923142.39,4.88,36,29396.96,consommation,mensuelle,2023-04-30,encours
26,26,905077.17,6.03,120,12090.32,consommation,annuelle,2019-06-25,encours
27,27,286697.9,4.84,12,25047.84,consommation,mensuelle,2023-06-23,termine
28,28,957547.23,3.33,60,18616.31,immobilier,mensuelle,2022-02-17,encours
29,29,363945.68,3.12,12,31275.07,auto,annuelle,2019-06-05,termine
30,30,350611.94,2.95,12,30079.58,consommation,trimestrielle,2019-04-22,termine
31,31,335275.19,3.4,12,28889.55,equipement,annuelle,2024-07-31,enretard
32,32,815027.79,5.28,120,10378.02,consommation,annuelle,2022-02-24,encours
33,33,757502.48,3.27,60,14689.24,consommation,trimestrielle,2020-07-22,encours
34,34,400173.11,4.87,36,12739.96,consommation,mensuelle,2024-01-27,enretard
35,35,36385.77,2.99,60,697.09,auto,trimestrielle,2024-10-26,encours
36,36,170075.38,4.28,12,14779.55,auto,annuelle,2025-02-27,termine
37,37,319926.35,6.31,36,10569.12,immobilier,mensuelle,2022-06-18,encours
38,38,967311.05,3.29,240,6682.51,equipement,trimestrielle,2021-03-27,termine
39,39,592118.17,3.14,120,6483.69,immobilier,trimestrielle,2020-04-04,encours
40,40,599344.58,5.06,120,7521.77,consommation,trimestrielle,2023-05-03,termine
41,41,625912.78,4.84,24,28604.21,consommation,trimestrielle,2020-09-26,termine
42,42,85253.39,2.9,60,1626.92,auto,mensuelle,2022-10-13,enretard
43,43,406774.45,5.92,240,3701.65,auto,trimestrielle,2024-12-16,termine
44,44,159633.32,3.51,240,1132.07,immobilier,mensuelle,2023-12-13,enretard
45,45,35150.79,2.98,240,233.75,consommation,mensuelle,2025-01-09,encours
46,46,575371.08,5.14,36,18447.04,auto,trimestrielle,2023-07-24,encours
47,47,277777.29,3.16,60,5361.1,immobilier,mensuelle,2018-07-27,termine
48,48,694172.41,3.92,180,6124.14,auto,mensuelle,2020-12-14,termine
49,49,217784.9,2.9,36,6575.89,immobilier,trimestrielle,2022-02-16,encours
50,50,669528.48,4.57,12,58343.83,equipement,trimestrielle,2017-09-14,enretard
51,51,466385.53,3.54,36,14330.99,consommation,trimestrielle,2025-01-31,enretard
52,52,743836.51,3.11,36,22589.9,immobilier,annuelle,2023-04-23,enretard
53,53,243904.33,5.01,120,3050.84,auto,annuelle,2024-03-29,enretard
54,54,793304.76,5.44,36,25632.56,immobilier,trimestrielle,2023-05-24,enretard
55,55,488271.49,4.23,12,42410.45,equipement,annuelle,2020-04-23,encours
56,56,962025.99,5.53,60,20467.1,equipement,trimestrielle,2022-12-27,encours
57,57,364388.76,3.16,12,31325.29,equipement,annuelle,2024-12-05,enretard
58,58,668857.05,3.6,240,4793.48,auto,annuelle,2020-12-29,enretard
59,59,787754.04,5.44,180,7947.56,consommation,annuelle,2025-04-12,enretard
60,60,180078.28,5.3,180,1795.78,equipement,mensuelle,2025-04-01,termine
61,61,790650.75,5.46,12,69485.02,auto,trimestrielle,2024-09-17,termine
62,62,134076.0,3.95,36,4165.67,consommation,annuelle,2024-07-09,termine
63,63,739742.68,5.64,24,34299.4,equipement,mensuelle,2024-03-19,enretard
64,64,167433.74,5.98,36,5485.32,immobilier,mensuelle,2022-10-05,enretard
65,65,191517.52,3.17,240,1303.92,auto,trimestrielle,2024-08-03,encours
66,66,556945.93,4.86,60,11538.06,auto,mensuelle,2019-05-20,enretard
67,67,22585.25,5.67,36,734.08,consommation,trimestrielle,2025-03-26,encours
68,68,294598.78,4.88,36,9381.33,immobilier,annuelle,2023-07-06,enretard
69,69,658573.02,3.18,240,4489.27,equipement,mensuelle,2023-06-17,encours
70,70,415810.25,3.55,12,35880.96,auto,mensuelle,2024-07-10,enretard
71,71,367693.44,3.24,60,7121.0,equipement,trimestrielle,2021-03-23,enretard
72,72,48944.74,4.96,60,1018.05,immobilier,annuelle,2019-09-23,encours
73,73,579171.61,3.98,60,11573.78,consommation,annuelle,2024-05-07,enretard
74,74,185860.2,3.69,36,5734.3,equipement,mensuelle,2024-10-23,encours
75,75,950141.33,4.03,60,19026.58,immobilier,annuelle,2020-06-10,encours
76,76,425673.3,6.23,12,37682.73,consommation,trimestrielle,2022-01-19,termine
77,77,662485.08,4.1,180,5943.96,equipement,mensuelle,2022-08-24,enretard
78,78,750878.68,4.4,12,65326.45,equipement,mensuelle,2019-03-10,termine
79,79,288566.39,2.54,180,2213.95,auto,mensuelle,2022-03-10,termine
80,80,181729.51,4.19,120,2148.95,equipement,trimestrielle,2020-10-31,enretard
81,81,155147.0,5.19,60,3256.79,consommation,mensuelle,2024-07-08,termine
82,82,123519.53,3.63,120,1402.98,immobilier,trimestrielle,2023-05-29,termine
83,83,145844.73,5.36,60,3082.19,equipement,trimestrielle,2021-09-02,termine
84,84,900928.91,2.97,120,9737.54,consommation,trimestrielle,2024-05-17,encours
85,85,469282.79,4.59,240,3750.35,equipement,trimestrielle,2022-06-16,encours
86,86,427769.94,5.66,60,9147.15,auto,mensuelle,2022-04-09,enretard
87,87,974931.27,6.02,120,13015.33,immobilier,trimestrielle,2023-10-08,termine
88,88,859764.52,4.55,24,39083.46,equipement,mensuelle,2024-08-13,encours
89,89,837534.51,4.98,300,6267.55,consommation,mensuelle,2023-08-09,termine
90,90,700359.89,6.03,12,61882.63,auto,annuelle,2015-10-26,encours
91,91,450843.36,5.59,120,5857.21,immobilier,trimestrielle,2024-03-09,encours
92,92,226834.05,4.21,180,2056.0,auto,mensuelle,2020-05-16,enretard
93,93,825675.58,4.29,120,9832.42,immobilier,mensuelle,2023-10-30,termine
94,94,875405.01,5.48,180,8861.04,equipement,mensuelle,2021-12-08,termine
95,95,563817.79,3.62,12,48685.67,equipement,mensuelle,2024-09-07,encours
96,96,520560.52,2.75,120,5530.96,immobilier,mensuelle,2024-06-22,enretard
97,97,345514.51,5.0,180,3359.17,auto,trimestrielle,2024-01-03,enretard
98,98,944170.43,2.87,36,28485.1,auto,mensuelle,2024-09-22,termine
99,99,782427.57,5.84,12,69010.11,immobilier,annuelle,2023-03-16,encours
100,100,482186.03,3.55,24,21517.55,equipement,mensuelle,2024-10-11,termine
101,101,493841.47,5.45,240,4300.54,auto,mensuelle,2023-06-28,termine
102,102,510136.94,3.6,120,5781.55,equipement,mensuelle,2025-03-07,termine
103,103,730464.03,4.67,24,33278.72,equipement,annuelle,2022-06-14,termine
104,104,879685.56,6.08,120,11787.79,equipement,mensuelle,2023-02-23,enretard
105,105,878070.72,4.12,60,17649.22,immobilier,trimestrielle,2025-02-25,enretard
106,106,303965.29,4.58,24,13825.35,immobilier,mensuelle,2024-05-16,encours
107,107,458283.35,4.81,36,14567.05,immobilier,mensuelle,2021-12-18,enretard
108,108,314984.78,5.29,12,27637.29,equipement,mensuelle,2024-04-25,termine
109,109,976530.07,4.15,180,8802.33,equipement,mensuelle,2022-12-26,termine
110,110,900431.02,5.32,60,18999.09,equipement,trimestrielle,2024-11-20,termine
111,111,596218.73,3.35,60,11601.42,equipement,trimestrielle,2019-08-25,enretard
112,112,445631.3,2.59,60,8389.01,equipement,trimestrielle,2022-04-27,enretard
113,113,793543.88,4.69,24,36165.76,consommation,mensuelle,2020-12-06,enretard
114,114,191575.92,6.05,240,1764.09,equipement,annuelle,2017-02-22,enretard
115,115,288397.2,4.96,24,13208.59,equipement,annuelle,2024-03-03,enretard
116,116,511996.03,3.37,180,4282.28,auto,annuelle,2024-08-04,enretard
117,117,810254.78,4.05,12,70255.84,consommation,annuelle,2020-12-31,termine
118,118,212306.83,5.29,36,6833.33,equipement,trimestrielle,2024-11-22,encours
119,119,744472.08,5.7,180,7672.2,auto,mensuelle,2024-12-21,enretard
120,120,640432.62,3.06,36,19422.9,immobilier,annuelle,2025-03-30,termine
121,121,68095.88,5.56,240,599.24,immobilier,annuelle,2024-08-03,termine
122,122,685966.05,2.62,300,3784.25,equipement,mensuelle,2023-09-15,encours
123,123,840546.54,4.11,24,37901.64,consommation,annuelle,2024-07-31,enretard
124,124,897350.4,4.4,12,78069.48,consommation,annuelle,2022-11-01,enretard
125,125,89291.19,4.46,36,2812.18,consommation,trimestrielle,2024-09-16,enretard
126,126,329629.58,5.59,60,7029.35,consommation,trimestrielle,2023-10-01,encours
127,127,462965.73,4.64,12,40370.61,auto,annuelle,2023-09-22,termine
128,128,179899.51,3.13,120,1968.4,consommation,annuelle,2025-02-12,enretard
129,129,595444.82,6.39,60,13094.82,immobilier,annuelle,2017-11-08,encours
130,130,958064.86,5.25,120,12175.41,immobilier,mensuelle,2022-07-12,termine
131,131,365204.61,4.3,240,2830.34,equipement,annuelle,2024-03-09,encours
132,132,72874.31,5.78,180,755.87,equipement,mensuelle,2024-08-31,encours
133,133,374185.78,6.33,36,12367.88,auto,mensuelle,2023-08-20,enretard
134,134,913338.15,5.13,120,11515.67,consommation,mensuelle,2024-06-23,enretard
135,135,155231.1,4.36,24,7031.97,immobilier,trimestrielle,2023-07-04,termine
136,136,506977.96,4.05,12,43959.21,equipement,annuelle,2024-03-31,termine
137,137,666690.44,3.87,24,29928.85,immobilier,mensuelle,2023-03-26,termine
138,138,653986.47,6.03,120,8736.17,consommation,annuelle,2024-08-20,enretard
139,139,102222.08,3.3,12,8799.62,equipement,mensuelle,2017-06-14,encours
140,140,481194.45,4.15,36,15030.64,auto,mensuelle,2025-03-06,termine
141,141,881037.15,2.62,60,16607.55,immobilier,annuelle,2017-10-13,enretard
142,142,899271.66,4.32,24,40707.03,equipement,mensuelle,2021-09-15,enretard
143,143,173948.36,4.7,240,1406.08,auto,trimestrielle,2025-04-18,enretard
144,144,332986.49,5.14,12,29175.17,immobilier,trimestrielle,2025-01-18,encours
145,145,521176.74,6.31,180,5635.95,consommation,annuelle,2023-04-19,enretard
146,146,472257.41,2.86,120,5061.03,equipement,annuelle,2020-03-30,encours
147,147,428752.53,5.38,24,19786.93,equipement,mensuelle,2023-12-24,encours
148,148,801810.99,4.07,240,6060.35,immobilier,annuelle,2022-08-11,encours
149,149,535079.94,3.46,12,46132.81,immobilier,trimestrielle,2023-09-22,encours
150,150,639246.6,6.48,36,21208.78,equipement,mensuelle,2025-01-09,enretard
151,151,902341.4,3.62,120,10241.57,consommation,trimestrielle,2024-05-05,enretard
152,152,387670.34,5.07,36,12406.53,auto,annuelle,2019-03-29,enretard
153,153,823107.05,6.1,300,6927.82,immobilier,mensuelle,2019-02-12,encours
154,154,738426.85,5.74,120,9685.7,consommation,trimestrielle,2025-03-07,encours
155,155,661053.15,3.36,180,5523.47,immobilier,annuelle,2025-04-14,encours
156,156,939400.07,6.33,36,31049.78,equipement,trimestrielle,2024-10-07,encours
157,157,18865.39,4.78,120,232.36,equipement,annuelle,2020-04-14,encours
158,158,257426.33,5.1,240,2166.67,equipement,mensuelle,2024-08-28,encours
159,159,919107.9,3.47,120,10316.99,auto,mensuelle,2024-11-12,enretard
160,160,315255.3,3.92,180,2781.25,equipement,trimestrielle,2020-01-14,enretard
161,161,756360.24,5.66,300,6088.7,auto,annuelle,2024-01-17,encours
162,162,971188.32,5.81,240,8748.79,auto,annuelle,2020-12-27,enretard
163,163,155401.49,6.0,180,1640.35,equipement,trimestrielle,2018-03-25,encours
164,164,522593.05,6.26,120,7081.14,equipement,trimestrielle,2023-06-15,encours
165,165,999072.11,3.42,36,30599.36,immobilier,trimestrielle,2022-02-09,termine
166,166,808729.21,3.63,240,5816.11,immobilier,mensuelle,2024-08-25,termine
167,167,585662.06,6.37,300,5061.1,consommation,mensuelle,2022-05-16,enretard
168,168,59992.74,3.24,120,661.92,equipement,mensuelle,2023-03-17,encours
169,169,961633.55,2.54,36,28747.5,equipement,trimestrielle,2025-03-28,encours
170,170,966833.4,3.21,240,6614.75,auto,trimestrielle,2024-06-04,enretard
171,171,985414.06,4.85,36,31355.33,consommation,mensuelle,2024-10-05,termine
172,172,753980.68,5.96,300,6258.04,equipement,annuelle,2021-06-27,enretard
173,173,469351.4,4.3,300,3246.35,consommation,trimestrielle,2024-09-19,termine
174,174,22233.73,3.49,24,991.07,consommation,mensuelle,2018-05-03,enretard
175,175,948051.85,6.08,120,12703.89,consommation,mensuelle,2021-05-28,termine
176,176,208140.65,6.4,60,4579.09,immobilier,mensuelle,2022-09-17,encours
177,177,408426.42,2.52,12,34893.23,immobilier,trimestrielle,2022-09-03,termine
178,178,59173.64,6.22,300,503.96,consommation,annuelle,2024-11-22,enretard
179,179,749523.03,6.33,24,35183.86,auto,annuelle,2025-02-02,enretard
180,180,664721.63,5.98,12,58706.0,immobilier,mensuelle,2017-03-24,termine
181,181,127026.69,4.57,60,2600.87,equipement,trimestrielle,2021-11-19,encours
182,182,902122.01,3.03,300,5284.93,equipement,annuelle,2023-07-23,termine
183,183,834495.02,3.69,240,6043.13,consommation,trimestrielle,2024-11-11,encours
184,184,336211.46,2.72,36,10101.29,consommation,mensuelle,2023-05-18,termine
185,185,833334.32,4.78,12,72763.98,equipement,trimestrielle,2025-01-10,termine
186,186,612544.9,4.99,24,28069.87,auto,annuelle,2024-12-24,enretard
187,187,406671.98,5.1,12,35617.69,auto,trimestrielle,2020-10-06,enretard
188,188,140391.51,2.84,12,12031.55,auto,mensuelle,2025-04-20,enretard
189,189,935890.25,4.96,300,6987.98,equipement,mensuelle,2025-02-28,enretard
190,190,436307.3,6.41,180,4754.54,consommation,annuelle,2023-12-25,enretard
191,191,645535.73,5.9,120,8553.35,immobilier,trimestrielle,2025-02-22,encours
192,192,797448.66,4.46,120,9609.26,immobilier,annuelle,2023-06-16,encours
193,193,324807.79,5.13,24,14922.21,equipement,annuelle,2025-03-04,enretard
194,194,322591.06,2.89,240,2121.04,immobilier,trimestrielle,2020-02-26,termine
195,195,500909.4,2.79,36,15078.76,auto,mensuelle,2020-09-21,encours
196,196,424853.28,6.36,36,14053.2,consommation,annuelle,2023-07-19,termine
197,197,834992.73,4.86,24,38173.08,equipement,mensuelle,2021-05-01,encours
198,198,465025.63,3.69,60,9180.38,consommation,trimestrielle,2023-08-31,termine
199,199,282311.06,3.65,300,1799.73,immobilier,trimestrielle,2021-10-06,termine
200,200,436939.39,5.5,300,3459.1,equipement,mensuelle,2022-12-06,encours
201,201,322061.11,6.19,24,15080.51,immobilier,annuelle,2021-01-09,termine
202,202,419403.46,5.61,24,19435.86,immobilier,trimestrielle,2024-06-25,enretard
203,203,43774.87,2.86,180,347.52,consommation,annuelle,2024-05-07,encours
204,204,865239.21,2.81,180,6832.99,auto,trimestrielle,2020-01-01,encours
205,205,971884.53,4.92,12,84975.1,immobilier,annuelle,2024-10-05,termine
206,206,513794.65,3.89,180,4519.97,immobilier,annuelle,2023-08-28,enretard
207,207,809682.9,6.08,180,8600.63,equipement,trimestrielle,2021-07-27,termine
208,208,721130.1,5.18,240,6117.59,consommation,annuelle,2022-06-08,enretard
209,209,125803.43,2.69,240,806.19,equipement,trimestrielle,2020-11-01,encours
210,210,60072.64,4.85,12,5248.85,immobilier,annuelle,2020-02-23,termine
211,211,325743.89,2.97,120,3520.75,auto,mensuelle,2025-04-01,encours
212,212,608164.92,3.21,36,18520.31,immobilier,annuelle,2021-08-13,encours
213,213,592680.69,5.58,240,5225.47,immobilier,mensuelle,2024-02-19,enretard
214,214,378029.26,5.24,240,3225.85,auto,annuelle,2020-12-14,enretard
215,215,746305.71,4.64,300,5373.4,immobilier,mensuelle,2021-07-02,termine
216,216,328478.99,2.86,180,2607.76,equipement,trimestrielle,2022-10-10,enretard
217,217,442956.07,5.97,60,9586.31,consommation,trimestrielle,2024-12-12,enretard
218,218,423348.44,2.72,60,8015.4,consommation,annuelle,2019-04-16,termine
219,219,306981.24,4.51,12,26735.51,immobilier,trimestrielle,2025-03-27,termine
220,220,52145.78,6.47,300,454.97,immobilier,annuelle,2024-09-06,encours
221,221,50616.01,4.9,24,2315.68,immobilier,annuelle,2019-06-07,enretard
222,222,824101.49,5.96,120,10960.55,immobilier,mensuelle,2023-03-17,encours
223,223,683941.97,5.74,36,22269.91,equipement,mensuelle,2023-02-08,encours
224,224,341932.91,4.71,120,4191.53,immobilier,trimestrielle,2023-09-11,encours
225,225,802339.07,3.25,60,15545.32,immobilier,mensuelle,2022-12-09,enretard
226,226,659635.8,3.68,12,56992.53,equipement,annuelle,2024-06-02,enretard
227,227,987910.63,2.57,36,29557.74,consommation,annuelle,2020-02-08,termine
228,228,681339.35,4.41,300,4775.05,auto,trimestrielle,2018-11-21,enretard
229,229,285730.76,5.41,300,2240.61,immobilier,annuelle,2023-05-04,enretard
230,230,892795.37,6.17,36,29390.33,consommation,mensuelle,2023-07-07,termine
231,231,753207.87,4.06,120,8825.09,immobilier,annuelle,2023-05-02,enretard
232,232,345568.9,4.81,60,7144.64,equipement,trimestrielle,2022-02-02,termine
233,233,997824.15,5.99,36,32698.14,consommation,mensuelle,2023-11-01,termine
234,234,706091.78,6.19,240,6584.31,auto,mensuelle,2022-10-28,encours
235,235,146489.22,2.79,240,950.96,auto,mensuelle,2021-11-13,encours
236,236,380230.59,2.52,300,2065.92,equipement,annuelle,2022-08-27,termine
237,237,57934.5,4.07,12,5024.37,immobilier,trimestrielle,2024-03-08,termine
238,238,246318.94,3.98,12,21343.54,consommation,annuelle,2025-03-11,enretard
239,239,888228.43,5.09,24,40777.09,equipement,trimestrielle,2017-04-23,encours
240,240,627605.86,2.54,24,27478.68,consommation,annuelle,2025-03-09,encours
241,241,596441.54,2.73,36,17924.73,consommation,annuelle,2025-03-26,encours
242,242,151730.77,2.59,36,4542.23,auto,trimestrielle,2021-04-11,encours
243,243,691673.97,5.53,300,5493.04,equipement,annuelle,2024-10-23,enretard
244,244,373001.41,4.8,24,17033.73,consommation,trimestrielle,2022-03-23,encours
245,245,59043.6,2.67,240,377.39,equipement,trimestrielle,2024-10-25,termine
246,246,935100.31,3.53,180,7945.76,auto,annuelle,2022-09-19,enretard
247,247,952301.09,3.78,12,82358.17,auto,annuelle,2020-10-15,termine
248,248,926471.58,4.56,60,18961.79,immobilier,annuelle,2024-04-25,encours
249,249,634315.49,5.37,24,29268.37,equipement,trimestrielle,2024-03-18,enretard
250,250,356887.07,3.63,60,7027.7,auto,trimestrielle,2024-11-11,termine
251,251,980547.4,5.97,36,32115.65,auto,mensuelle,2022-05-19,encours
252,252,498390.22,2.71,300,2786.83,equipement,trimestrielle,2024-03-05,encours
253,253,242386.41,2.91,240,1597.73,equipement,mensuelle,2022-04-10,termine
254,254,546343.16,4.29,12,47481.77,auto,trimestrielle,2022-01-28,enretard
255,255,162720.73,6.11,240,1506.52,equipement,mensuelle,2020-03-02,encours
256,256,204772.93,3.96,24,9207.96,auto,mensuelle,2020-07-19,encours
257,257,380714.24,5.22,60,8001.34,immobilier,trimestrielle,2021-07-06,encours
258,258,682596.83,4.19,24,30824.94,immobilier,trimestrielle,2023-01-21,termine
259,259,63428.9,4.79,300,464.62,auto,mensuelle,2024-08-15,encours
260,260,263103.46,3.34,24,11694.95,auto,trimestrielle,2022-12-22,termine
261,261,571495.95,5.34,12,50167.82,auto,annuelle,2025-03-13,enretard
262,262,371713.19,5.22,24,17105.0,auto,annuelle,2024-08-10,termine
263,263,587689.39,5.39,180,5904.65,immobilier,annuelle,2024-09-23,enretard
264,264,89152.4,4.24,240,686.47,auto,annuelle,2023-09-23,termine
265,265,584929.09,3.82,240,4299.23,immobilier,annuelle,2025-04-13,encours
266,266,202860.21,5.35,180,2031.42,equipement,trimestrielle,2023-06-22,enretard
267,267,673847.12,4.08,300,4537.24,immobilier,trimestrielle,2024-11-01,enretard
268,268,474020.35,6.38,36,15687.44,equipement,trimestrielle,2024-10-05,enretard
269,269,97815.16,3.48,120,1098.79,immobilier,annuelle,2023-05-17,encours
270,270,568025.33,2.6,36,17009.2,auto,trimestrielle,2024-03-03,termine
271,271,249476.55,5.9,60,5384.54,consommation,annuelle,2023-02-21,enretard
272,272,607667.35,3.35,300,3721.96,consommation,mensuelle,2020-08-17,enretard
273,273,998308.58,3.66,240,7204.46,immobilier,mensuelle,2023-07-21,enretard
274,274,922343.79,3.46,180,7783.56,consommation,trimestrielle,2018-12-17,termine
275,275,382301.44,3.53,36,11744.09,equipement,trimestrielle,2023-08-18,encours
276,276,625729.97,3.4,36,19154.29,auto,annuelle,2024-08-18,encours
277,277,56266.75,5.24,60,1183.48,immobilier,annuelle,2022-03-30,encours
278,278,258848.57,2.76,12,22166.07,consommation,mensuelle,2022-03-11,encours
279,279,521103.04,3.05,120,5667.0,auto,trimestrielle,2025-02-11,enretard
280,280,79896.09,6.06,36,2622.81,immobilier,annuelle,2021-09-13,termine
281,281,338085.43,5.95,180,3554.59,auto,trimestrielle,2022-06-20,enretard
282,282,348675.54,2.73,240,2246.05,equipement,trimestrielle,2020-08-07,termine
283,283,572710.07,3.31,24,25442.64,consommation,mensuelle,2023-02-04,encours
284,284,13742.37,5.65,240,121.96,consommation,mensuelle,2022-10-17,enretard
285,285,163178.21,6.47,240,1559.71,consommation,mensuelle,2025-04-17,termine
286,286,454906.31,3.37,300,2793.88,immobilier,trimestrielle,2025-04-19,enretard
287,287,511169.71,6.32,12,45289.64,equipement,trimestrielle,2023-05-09,enretard
288,288,483361.04,2.51,300,2622.23,auto,mensuelle,2023-01-11,encours
289,289,384667.62,3.84,12,33286.57,auto,mensuelle,2025-02-04,enretard
290,290,508389.13,3.04,120,5524.5,auto,mensuelle,2017-10-25,enretard
291,291,825850.67,5.66,300,6648.1,auto,annuelle,2023-11-30,encours
292,292,140953.66,3.58,300,890.36,equipement,trimestrielle,2020-03-16,termine
293,293,511276.16,4.31,240,3966.65,consommation,trimestrielle,2025-01-20,enretard
294,294,926743.69,5.82,240,8356.14,immobilier,mensuelle,2016-11-07,encours
295,295,709522.61,5.72,60,15207.43,auto,annuelle,2021-08-19,termine
296,296,884207.8,6.28,120,11995.75,immobilier,trimestrielle,2023-09-23,enretard
297,297,453338.49,4.88,180,4362.12,consommation,mensuelle,2024-08-17,enretard
298,298,926058.38,5.49,300,7323.58,auto,annuelle,2024-08-18,encours
299,299,265110.59,2.64,240,1687.87,auto,trimestrielle,2020-12-03,encours
300,300,868107.66,3.07,60,16689.37,equipement,trimestrielle,2024-12-08,termine
301,301,224313.46,5.48,36,7255.29,auto,trimestrielle,2024-05-14,encours
302,302,139454.67,5.37,36,4497.8,immobilier,annuelle,2024-11-09,encours
303,303,336248.86,4.75,120,4133.06,auto,mensuelle,2020-02-05,termine
304,304,26120.8,3.23,24,1158.68,equipement,trimestrielle,2025-03-28,enretard
305,305,702021.68,3.05,36,21284.91,consommation,annuelle,2021-08-19,enretard
306,306,706167.02,6.26,120,9568.56,auto,mensuelle,2023-04-04,enretard
307,307,169999.25,5.36,240,1467.66,equipement,mensuelle,2021-11-09,enretard
308,308,776607.73,6.14,36,25546.08,consommation,mensuelle,2024-06-24,termine
309,309,530601.0,2.73,300,2975.79,auto,mensuelle,2019-06-24,termine
310,310,526934.98,5.29,240,4518.47,consommation,annuelle,2024-01-19,enretard
311,311,262863.65,4.1,180,2358.47,equipement,annuelle,2022-03-28,enretard
312,312,603463.81,4.07,120,7075.61,auto,annuelle,2020-02-07,termine
313,313,689831.54,4.77,120,8490.68,equipement,mensuelle,2024-11-07,enretard
314,314,546160.87,5.93,12,48212.35,equipement,mensuelle,2024-02-21,encours
315,315,401021.75,2.7,24,17611.54,immobilier,annuelle,2021-05-24,encours
316,316,423009.03,4.1,240,3207.82,immobilier,mensuelle,2024-03-09,termine
317,317,329425.01,5.43,180,3320.79,equipement,trimestrielle,2022-08-04,termine
318,318,504269.62,3.79,240,3693.77,auto,trimestrielle,2023-10-10,termine
319,319,108877.34,3.52,36,3343.74,equipement,trimestrielle,2023-03-06,encours
320,320,16780.1,4.6,240,134.24,auto,annuelle,2024-06-10,termine
321,321,810273.06,3.66,36,24978.92,immobilier,trimestrielle,2023-08-17,encours
322,322,420575.95,3.52,180,3570.22,immobilier,mensuelle,2025-03-08,encours
323,323,892856.37,3.54,120,10074.4,equipement,trimestrielle,2024-12-02,encours
324,324,152283.09,3.31,60,2958.1,equipement,annuelle,2025-04-07,termine
325,325,26818.68,5.85,60,577.72,equipement,mensuelle,2022-03-22,enretard
326,326,72887.74,6.33,12,6458.46,equipement,mensuelle,2025-04-18,encours
327,327,883077.92,5.74,120,11583.04,auto,mensuelle,2023-12-22,encours
328,328,517567.6,2.74,240,3338.31,immobilier,annuelle,2024-04-16,termine
329,329,734008.79,2.62,60,13836.07,auto,annuelle,2023-06-27,encours
330,330,220465.25,4.84,12,19261.31,equipement,annuelle,2024-09-27,encours
331,331,825435.78,4.89,300,6115.1,equipement,mensuelle,2025-01-19,termine
332,332,343269.0,4.72,36,10885.44,immobilier,mensuelle,2022-03-16,termine
333,333,395348.19,4.61,120,4813.36,auto,trimestrielle,2022-02-19,encours
334,334,469398.31,5.51,180,4763.09,equipement,annuelle,2023-09-19,termine
335,335,306163.57,4.79,12,26735.73,equipement,annuelle,2021-03-30,enretard
336,336,953807.41,5.21,120,12089.51,auto,annuelle,2024-01-22,enretard
337,337,763655.68,3.06,12,65585.3,equipement,mensuelle,2022-07-05,encours
338,338,720054.79,3.58,120,8148.62,immobilier,mensuelle,2024-01-03,encours
339,339,360236.49,3.83,36,11156.32,auto,annuelle,2018-08-14,encours
340,340,473957.39,3.11,120,5177.98,consommation,mensuelle,2024-09-23,enretard
341,341,746660.76,4.38,300,5214.18,equipement,trimestrielle,2024-12-29,termine
342,342,613565.84,5.13,24,28188.24,immobilier,annuelle,2025-01-13,termine
343,343,740435.94,3.31,36,22610.03,consommation,annuelle,2024-12-02,termine
344,344,788840.78,5.29,240,6764.31,auto,mensuelle,2025-01-21,enretard
345,345,426081.78,5.09,60,8908.66,consommation,mensuelle,2023-09-15,termine
346,346,40816.69,5.39,180,410.09,equipement,annuelle,2017-10-20,enretard
347,347,759176.57,4.34,36,23833.93,equipement,trimestrielle,2025-02-01,enretard
348,348,217689.1,3.27,300,1318.83,immobilier,trimestrielle,2023-03-22,termine
349,349,189975.37,5.13,60,3978.4,immobilier,trimestrielle,2024-11-28,encours
350,350,981908.75,4.37,24,44488.65,consommation,trimestrielle,2024-01-11,encours
351,351,887490.45,5.79,180,9212.64,auto,trimestrielle,2023-10-22,enretard
352,352,553271.77,6.23,12,48978.38,consommation,mensuelle,2018-06-24,encours
353,353,465566.52,3.38,36,14243.75,equipement,mensuelle,2019-07-05,termine
354,354,628427.06,6.42,12,55731.01,consommation,mensuelle,2025-03-30,termine
355,355,682516.56,2.64,12,58377.92,equipement,trimestrielle,2022-09-27,termine
356,356,874191.89,2.72,300,4895.47,auto,trimestrielle,2020-04-12,termine
357,357,585115.72,2.78,120,6231.48,equipement,trimestrielle,2023-11-27,termine
358,358,320820.59,4.87,60,6649.01,immobilier,annuelle,2020-05-29,enretard
359,359,628072.08,5.87,12,55411.66,consommation,trimestrielle,2023-07-31,enretard
360,360,75645.82,3.78,24,3390.19,immobilier,annuelle,2025-01-04,enretard
361,361,309474.95,3.17,240,2107.01,consommation,annuelle,2017-11-26,termine
362,362,554989.09,4.14,300,3764.68,immobilier,mensuelle,2021-02-28,encours
363,363,688395.36,2.82,240,4486.04,consommation,annuelle,2024-04-10,termine
364,364,684446.17,2.96,36,20700.69,immobilier,annuelle,2023-05-22,termine
365,365,740845.47,3.12,24,32794.76,equipement,annuelle,2023-09-11,encours
366,366,515636.12,5.76,36,16798.28,immobilier,annuelle,2022-04-12,termine
367,367,16972.41,4.05,240,128.0,immobilier,mensuelle,2021-10-19,encours
368,368,460134.78,3.38,36,14077.57,consommation,annuelle,2017-09-09,enretard
369,369,152538.74,3.4,60,2974.51,equipement,annuelle,2018-08-27,termine
370,370,611397.22,6.19,300,5191.78,consommation,annuelle,2025-02-07,termine
371,371,53796.33,3.81,300,350.12,equipement,annuelle,2024-01-26,enretard
372,372,866380.94,3.85,60,17219.32,equipement,mensuelle,2022-06-29,termine
373,373,447836.59,5.56,24,20734.83,consommation,mensuelle,2024-03-10,termine
374,374,335976.9,5.23,12,29462.37,auto,trimestrielle,2020-12-02,enretard
375,375,906017.61,3.01,180,7306.03,immobilier,annuelle,2024-12-25,termine
376,376,621688.64,4.57,60,12729.07,auto,trimestrielle,2021-11-30,encours
377,377,318067.84,2.92,60,6075.1,immobilier,trimestrielle,2024-11-15,encours
378,378,315483.09,6.3,300,2707.9,immobilier,mensuelle,2025-04-18,encours
379,379,977999.12,5.9,180,10241.82,consommation,trimestrielle,2024-03-22,enretard
380,380,990575.37,3.8,24,44410.8,equipement,annuelle,2021-05-19,enretard
381,381,83901.3,4.83,12,7329.48,equipement,trimestrielle,2023-12-16,enretard
382,382,451944.6,5.99,12,39918.01,consommation,mensuelle,2017-08-27,enretard
383,383,973787.51,3.93,120,11304.05,auto,trimestrielle,2024-07-09,termine
384,384,976563.44,2.6,120,10253.92,consommation,trimestrielle,2024-04-18,enretard
385,385,857662.53,5.76,120,11263.97,immobilier,trimestrielle,2022-10-02,encours
386,386,938255.41,4.42,180,8668.44,equipement,annuelle,2020-06-10,enretard
387,387,216229.5,3.92,24,9715.91,equipement,trimestrielle,2024-03-28,termine
388,388,709354.29,4.91,36,22606.73,consommation,annuelle,2024-12-25,termine
389,389,241186.21,6.35,240,2281.22,consommation,annuelle,2024-12-24,encours
390,390,145338.11,3.83,24,6519.63,auto,annuelle,2024-06-11,enretard
391,391,311256.78,6.48,36,10326.81,consommation,mensuelle,2023-04-13,encours
392,392,307085.04,5.92,240,2794.47,auto,mensuelle,2023-03-29,enretard
393,393,353489.88,4.65,120,4315.52,equipement,trimestrielle,2021-04-23,encours
394,394,947266.88,3.7,60,18708.52,equipement,trimestrielle,2023-11-23,enretard
395,395,262062.04,5.41,36,8460.96,auto,annuelle,2022-02-01,enretard
396,396,576578.88,5.1,120,7255.28,equipement,trimestrielle,2024-05-09,enretard
397,397,932572.35,4.2,24,42121.18,equipement,mensuelle,2024-09-18,termine
398,398,22996.65,6.09,36,755.5,immobilier,annuelle,2020-12-22,enretard
399,399,103102.9,5.08,24,4732.42,auto,mensuelle,2023-08-23,encours
400,400,789858.28,5.85,120,10432.71,equipement,trimestrielle,2024-02-03,enretard
401,401,890465.61,5.77,120,11702.2,consommation,annuelle,2023-10-06,termine
402,402,812752.7,2.6,120,8533.9,consommation,annuelle,2024-06-27,enretard
403,403,860834.29,3.65,240,6205.18,consommation,mensuelle,2024-04-28,encours
404,404,813788.68,6.35,240,7697.08,auto,annuelle,2022-05-27,encours
405,405,579386.59,5.33,240,4987.55,consommation,mensuelle,2019-10-13,enretard
406,406,891784.78,4.01,240,6695.82,equipement,mensuelle,2023-12-31,enretard
407,407,748792.34,4.16,240,5715.78,immobilier,mensuelle,2025-02-11,encours
408,408,997408.07,6.16,240,9275.9,auto,mensuelle,2025-01-30,encours
409,409,143083.0,3.03,36,4335.81,consommation,trimestrielle,2019-06-14,enretard
410,410,592499.27,2.79,12,50752.5,consommation,annuelle,2024-09-12,termine
411,411,972229.78,6.06,60,21113.59,equipement,trimestrielle,2023-10-07,enretard
412,412,742965.7,4.4,24,33681.11,equipement,annuelle,2021-09-10,encours
413,413,334123.85,3.6,120,3786.74,equipement,mensuelle,2021-04-29,termine
414,414,300828.03,3.35,36,9196.15,auto,mensuelle,2022-06-26,termine
415,415,311005.0,6.13,240,2884.57,equipement,trimestrielle,2024-08-30,encours
416,416,869868.17,5.75,240,7792.57,immobilier,annuelle,2025-03-16,termine
417,417,253869.57,4.02,36,7902.4,immobilier,annuelle,2024-06-24,enretard
418,418,784471.85,5.44,180,7914.45,equipement,annuelle,2024-10-10,enretard
419,419,341506.54,5.06,36,10926.31,equipement,annuelle,2023-03-24,termine
420,420,381872.81,5.75,120,5012.08,auto,annuelle,2024-11-14,encours
421,421,36062.55,2.51,180,275.78,consommation,annuelle,2022-05-07,termine
422,422,349842.31,5.83,60,7530.36,auto,trimestrielle,2023-10-14,enretard
423,423,263259.81,4.42,240,2066.59,consommation,annuelle,2022-01-23,enretard
424,424,236406.88,3.7,12,20429.49,consommation,mensuelle,2019-06-23,encours
425,425,260164.03,3.6,180,2225.85,immobilier,trimestrielle,2024-02-07,enretard
426,426,487379.72,3.1,60,9382.06,immobilier,mensuelle,2025-03-27,termine
427,427,699715.46,4.6,300,5014.63,equipement,annuelle,2024-12-11,termine
428,428,221519.7,6.0,36,7260.92,immobilier,trimestrielle,2024-08-25,encours
429,429,587331.25,3.48,120,6597.69,equipement,annuelle,2020-01-01,termine
430,430,430676.62,2.71,60,8150.56,auto,annuelle,2024-03-30,encours
431,431,69176.8,6.36,300,597.23,immobilier,trimestrielle,2024-06-01,encours
432,432,586474.13,2.87,180,4660.84,immobilier,trimestrielle,2020-12-01,encours
433,433,438802.82,3.18,240,2991.17,immobilier,mensuelle,2022-01-14,termine
434,434,800447.49,4.7,24,36487.06,immobilier,mensuelle,2024-01-21,enretard
435,435,674674.12,4.19,180,6103.93,consommation,trimestrielle,2024-04-26,termine
436,436,840560.04,5.07,240,7053.7,immobilier,mensuelle,2022-02-18,termine
437,437,823748.46,3.48,60,16118.01,immobilier,trimestrielle,2025-03-30,termine
438,438,187413.8,2.55,60,3521.82,immobilier,mensuelle,2023-06-09,encours
439,439,203285.3,6.34,36,6720.84,equipement,trimestrielle,2022-09-19,enretard
440,440,694468.64,6.14,180,7411.52,immobilier,annuelle,2024-04-22,termine
441,441,916357.32,3.17,36,27875.08,immobilier,mensuelle,2018-08-18,termine
442,442,790378.73,4.11,12,68571.94,equipement,mensuelle,2024-05-20,encours
443,443,321886.72,3.78,120,3696.33,consommation,mensuelle,2018-08-17,encours
444,444,983272.89,4.2,240,7538.43,consommation,mensuelle,2020-12-14,enretard
445,445,524113.72,3.04,36,15886.47,consommation,trimestrielle,2024-02-09,encours
446,446,41192.09,3.43,180,346.59,consommation,mensuelle,2022-08-11,enretard
447,447,184339.76,4.01,180,1640.11,immobilier,mensuelle,2019-03-13,enretard
448,448,741768.6,5.9,12,65461.08,immobilier,mensuelle,2024-12-07,termine
449,449,538843.23,3.39,60,10502.95,immobilier,mensuelle,2023-09-27,encours
450,450,645324.93,3.23,180,5322.14,equipement,mensuelle,2024-03-15,encours
451,451,166740.62,3.84,120,1923.08,equipement,annuelle,2025-04-02,termine
452,452,339924.0,3.72,60,6719.16,equipement,trimestrielle,2017-10-04,termine
453,453,613317.79,5.67,240,5453.42,consommation,trimestrielle,2019-05-31,enretard
454,454,516878.84,3.27,240,3562.16,consommation,annuelle,2022-09-08,encours
455,455,732385.68,3.49,180,6198.83,equipement,annuelle,2022-12-10,enretard
456,456,478817.9,3.61,60,9420.74,auto,mensuelle,2024-11-25,enretard
457,457,477178.74,3.92,60,9511.76,immobilier,trimestrielle,2023-05-08,enretard
458,458,185788.01,6.43,240,1769.63,equipement,trimestrielle,2022-02-17,termine
459,459,567093.35,3.57,24,25315.99,equipement,mensuelle,2024-05-14,termine
460,460,789658.87,4.98,12,69081.99,equipement,trimestrielle,2024-05-30,termine
461,461,114174.12,5.63,300,916.25,auto,mensuelle,2024-03-15,encours
462,462,410276.59,3.14,180,3352.87,equipement,trimestrielle,2022-12-31,termine
463,463,439959.22,5.17,180,4339.71,auto,mensuelle,2025-04-03,enretard
464,464,584754.62,3.01,240,3903.24,auto,annuelle,2020-09-17,encours
465,465,162555.01,6.01,60,3523.38,equipement,trimestrielle,2017-03-01,enretard
466,466,159227.2,3.86,24,7146.65,immobilier,mensuelle,2023-12-30,enretard
467,467,463089.91,6.3,240,4360.76,consommation,trimestrielle,2019-05-31,termine
468,468,220377.46,4.14,120,2596.78,auto,annuelle,2017-09-09,enretard
469,469,434874.24,4.15,12,37743.46,immobilier,trimestrielle,2025-03-11,enretard
470,470,543015.91,4.76,120,6679.1,consommation,annuelle,2025-02-01,enretard
471,471,754530.25,4.16,24,34054.47,auto,mensuelle,2018-10-11,enretard
472,472,946877.14,2.91,24,41749.39,consommation,annuelle,2022-12-20,termine
473,473,97500.65,2.59,60,1835.45,consommation,trimestrielle,2023-04-20,encours
474,474,385744.19,5.26,300,2976.66,immobilier,mensuelle,2024-11-09,termine
475,475,540942.41,5.76,240,4850.45,immobilier,annuelle,2020-04-24,encours
476,476,392731.51,4.8,120,4843.69,immobilier,mensuelle,2020-02-25,encours
477,477,979255.28,5.64,240,8682.73,auto,trimestrielle,2024-06-01,termine
478,478,192104.1,5.85,120,2537.37,consommation,trimestrielle,2022-07-19,enretard
479,479,303572.37,3.32,240,2104.77,consommation,annuelle,2021-04-10,encours
480,480,465409.39,2.55,120,4867.41,equipement,annuelle,2017-06-28,termine
481,481,510570.84,6.47,24,24026.61,immobilier,mensuelle,2023-12-16,enretard
482,482,419475.33,5.37,240,3624.97,equipement,mensuelle,2022-08-18,enretard
483,483,415898.04,4.15,12,36096.48,consommation,mensuelle,2020-11-28,termine
484,484,228466.9,2.63,24,10020.18,equipement,mensuelle,2017-07-01,encours
485,485,356405.31,2.95,12,30576.61,consommation,annuelle,2022-01-01,enretard
486,486,279387.57,5.55,12,24574.47,immobilier,mensuelle,2025-01-31,encours
487,487,239307.57,3.36,120,2664.29,equipement,trimestrielle,2024-11-21,enretard
488,488,802106.54,4.63,120,9779.02,immobilier,trimestrielle,2023-08-31,encours
489,489,827269.34,2.85,120,8858.68,immobilier,mensuelle,2025-01-10,termine
490,490,498687.57,2.65,60,9412.73,auto,annuelle,2023-01-30,encours
491,491,112692.19,6.4,12,9992.04,immobilier,mensuelle,2024-07-20,encours
492,492,849936.57,6.07,36,27908.61,immobilier,mensuelle,2023-11-29,enretard
493,493,566203.03,5.91,240,5147.73,immobilier,trimestrielle,2019-04-21,enretard
494,494,999259.28,6.0,24,46632.1,immobilier,mensuelle,2022-05-07,termine
495,495,152935.67,3.53,60,2998.81,auto,trimestrielle,2022-04-16,enretard
496,496,268521.8,6.49,36,8911.19,consommation,trimestrielle,2023-04-24,encours
497,497,83940.26,5.28,12,7364.36,immobilier,trimestrielle,2022-11-12,enretard
498,498,108692.44,2.74,240,701.07,auto,trimestrielle,2025-04-17,encours
499,499,856660.57,5.66,24,39734.77,immobilier,mensuelle,2018-09-03,encours
500,500,784863.98,4.83,24,35861.74,auto,mensuelle,2024-03-15,encours
